Sector,Name,Date,Open,High,Low,Close,Vol
Retailing,Saudi Company for Hardware,13/05/2015,0,0,0,56.33,22785
Retailing,Saudi Company for Hardware,14/05/2015,0,0,0,61.83,67211
Retailing,Saudi Company for Hardware,17/05/2015,68,68,68,68,318689
Retailing,Saudi Company for Hardware,18/05/2015,74.67,74.67,74.67,74.67,981425
Retailing,Saudi Company for Hardware,19/05/2015,79.17,82,76.83,82,8745611
Retailing,Saudi Company for Hardware,20/05/2015,83.33,90.17,82.33,85.69,11240835
Retailing,Saudi Company for Hardware,21/05/2015,86.67,91.5,86.5,89.41,5861841
Retailing,Saudi Company for Hardware,24/05/2015,91.83,93.33,90,90.85,2761371
Retailing,Saudi Company for Hardware,25/05/2015,91.17,91.17,88.5,88.85,1421891
Retailing,Saudi Company for Hardware,26/05/2015,88.67,90.33,87.33,87.78,1416719
Retailing,Saudi Company for Hardware,27/05/2015,88,88.33,86.67,87.49,635835
Retailing,Saudi Company for Hardware,28/05/2015,87.5,95.33,87.5,93.6,4506911
Retailing,Saudi Company for Hardware,31/05/2015,94.67,98.83,94.33,95.42,3512505
Retailing,Saudi Company for Hardware,01/06/2015,95.33,97.17,94.33,95.11,1341665
Retailing,Saudi Company for Hardware,02/06/2015,95.83,98,95.33,96.37,2068896
Retailing,Saudi Company for Hardware,03/06/2015,97.17,97.33,95.5,95.76,766980
Retailing,Saudi Company for Hardware,04/06/2015,95.83,97,95.67,95.86,561687
Retailing,Saudi Company for Hardware,07/06/2015,95.67,96.83,95,95.17,405551
Retailing,Saudi Company for Hardware,08/06/2015,95.17,95.17,90.67,92.44,848207
Retailing,Saudi Company for Hardware,09/06/2015,93,93.17,89.67,91.01,419054
Retailing,Saudi Company for Hardware,10/06/2015,91.5,92.17,90.5,90.59,381585
Retailing,Saudi Company for Hardware,11/06/2015,91.33,91.33,90.17,90.31,292479
Retailing,Saudi Company for Hardware,14/06/2015,90,90.67,89.5,90.51,172346
Retailing,Saudi Company for Hardware,15/06/2015,90,90.67,89.83,90.18,162152
Retailing,Saudi Company for Hardware,16/06/2015,90.67,93.17,90.67,91.13,449336
Retailing,Saudi Company for Hardware,17/06/2015,91.17,91.33,89.33,89.91,203508
Retailing,Saudi Company for Hardware,18/06/2015,90.5,90.83,89.83,90.01,108141
Retailing,Saudi Company for Hardware,21/06/2015,90.5,90.67,88.67,89.23,225464
Retailing,Saudi Company for Hardware,22/06/2015,89.17,90.33,88.33,89.29,274152
Retailing,Saudi Company for Hardware,23/06/2015,89.17,90.33,88.17,89.13,207137
Retailing,Saudi Company for Hardware,24/06/2015,89.33,91.83,88.83,90.43,335111
Retailing,Saudi Company for Hardware,25/06/2015,90.33,91.33,90,90.51,133382
Retailing,Saudi Company for Hardware,28/06/2015,90.67,91.5,89.33,90.14,224520
Retailing,Saudi Company for Hardware,29/06/2015,89.5,89.67,88.33,88.98,151979
Retailing,Saudi Company for Hardware,30/06/2015,88.33,89.33,88,88.99,320651
Retailing,Saudi Company for Hardware,01/07/2015,88.83,89.33,88.33,89.14,299934
Retailing,Saudi Company for Hardware,02/07/2015,88.67,89,88,88.1,195171
Retailing,Saudi Company for Hardware,05/07/2015,88,89.33,85.33,87.95,258548
Retailing,Saudi Company for Hardware,06/07/2015,85.83,88.67,85.83,88.34,252284
Retailing,Saudi Company for Hardware,07/07/2015,88.33,88.33,87.83,87.84,36489
Retailing,Saudi Company for Hardware,08/07/2015,88.5,88.67,87.83,88.03,248768
Retailing,Saudi Company for Hardware,09/07/2015,88.33,89,88,88.33,166566
Retailing,Saudi Company for Hardware,12/07/2015,88.67,88.67,87.67,88.2,47291
Retailing,Saudi Company for Hardware,13/07/2015,88.67,88.67,87,87.27,278316
Retailing,Saudi Company for Hardware,14/07/2015,87,87.67,87,87.62,266847
Retailing,Saudi Company for Hardware,15/07/2015,87.5,87.67,86.5,86.66,287831
Retailing,Saudi Company for Hardware,22/07/2015,87.17,87.67,86.17,86.93,160209
Retailing,Saudi Company for Hardware,23/07/2015,87,87.5,86.67,86.81,150198
Retailing,Saudi Company for Hardware,26/07/2015,86.67,86.67,85,85.27,118035
Retailing,Saudi Company for Hardware,27/07/2015,85,85,82.67,83,202191
Retailing,Saudi Company for Hardware,28/07/2015,82.67,83.83,82.67,83.36,46965
Retailing,Saudi Company for Hardware,29/07/2015,83.83,83.83,81,81.1,203391
Retailing,Saudi Company for Hardware,30/07/2015,81,81.5,80,81.38,250577
Retailing,Saudi Company for Hardware,02/08/2015,81.33,81.33,76.67,78.11,314882
Retailing,Saudi Company for Hardware,03/08/2015,77.83,79.33,77.33,78.83,63329
Retailing,Saudi Company for Hardware,04/08/2015,78.67,79,77.17,77.81,192294
Retailing,Saudi Company for Hardware,05/08/2015,78.33,78.83,77.67,77.93,107384
Retailing,Saudi Company for Hardware,06/08/2015,77.33,77.5,75.33,75.99,124524
Retailing,Saudi Company for Hardware,09/08/2015,74,77,74,75.99,102345
Retailing,Saudi Company for Hardware,10/08/2015,76.17,77.5,75.67,76.21,182168
Retailing,Saudi Company for Hardware,11/08/2015,76.67,77,75.33,75.67,111255
Retailing,Saudi Company for Hardware,12/08/2015,75.33,75.33,72.67,73.98,330785
Retailing,Saudi Company for Hardware,13/08/2015,74.67,74.67,72.67,73.44,257256
Retailing,Saudi Company for Hardware,16/08/2015,72.67,73.5,70.67,71.59,184913
Retailing,Saudi Company for Hardware,17/08/2015,71.17,72,69.67,70.35,88835
Retailing,Saudi Company for Hardware,18/08/2015,70.17,70.17,65.67,67.12,312662
Retailing,Saudi Company for Hardware,19/08/2015,67,68,66.33,66.67,161726
Retailing,Saudi Company for Hardware,20/08/2015,65.33,69.83,63.67,67.79,390171
Retailing,Saudi Company for Hardware,23/08/2015,63.33,66.5,62.67,62.81,370970
Retailing,Saudi Company for Hardware,24/08/2015,63.33,64.67,62,64.15,163637
Retailing,Saudi Company for Hardware,25/08/2015,65.33,70,64.5,69.57,269642
Retailing,Saudi Company for Hardware,26/08/2015,68.67,68.67,65.33,67.16,259020
Retailing,Saudi Company for Hardware,27/08/2015,68.67,69.83,66.17,66.6,275135
Retailing,Saudi Company for Hardware,30/08/2015,68.5,69,66.17,66.29,462393
Retailing,Saudi Company for Hardware,31/08/2015,65.83,66,63.33,63.95,150944
Retailing,Saudi Company for Hardware,01/09/2015,64.67,65.17,63.83,64.11,88082
Retailing,Saudi Company for Hardware,02/09/2015,62.83,63.33,61.67,62.81,156416
Retailing,Saudi Company for Hardware,03/09/2015,63.33,63.33,62.33,62.55,73802
Retailing,Saudi Company for Hardware,06/09/2015,61.33,61.83,60.67,61.51,109091
Retailing,Saudi Company for Hardware,07/09/2015,61.33,62,58.83,59.53,174528
Retailing,Saudi Company for Hardware,08/09/2015,59.33,60.83,58.83,60.67,908846
Retailing,Saudi Company for Hardware,09/09/2015,61.5,61.83,61,61.5,79842
Retailing,Saudi Company for Hardware,10/09/2015,60.83,67.5,60.83,67.5,302900
Retailing,Saudi Company for Hardware,13/09/2015,67.33,71.17,66.5,66.91,659660
Retailing,Saudi Company for Hardware,14/09/2015,66.17,66.67,64.67,64.78,157635
Retailing,Saudi Company for Hardware,15/09/2015,65,65,62.5,62.91,166871
Retailing,Saudi Company for Hardware,16/09/2015,63.33,67.83,63.17,65.08,393438
Retailing,Saudi Company for Hardware,17/09/2015,66.17,66.17,64.5,65.33,151298
Retailing,Saudi Company for Hardware,20/09/2015,64.33,67.33,64.33,65.99,119586
Retailing,Saudi Company for Hardware,21/09/2015,66.67,67.83,65.83,65.91,122336
Retailing,Saudi Company for Hardware,29/09/2015,65.33,65.33,64,64.57,114369
Retailing,Saudi Company for Hardware,30/09/2015,65.33,66.17,65,66.03,71303
Retailing,Saudi Company for Hardware,01/10/2015,66,68.67,65.67,65.97,107727
Retailing,Saudi Company for Hardware,04/10/2015,66.83,71.33,66.83,70.65,436920
Retailing,Saudi Company for Hardware,05/10/2015,71.67,73.33,71,72.97,269898
Retailing,Saudi Company for Hardware,06/10/2015,73.33,74.33,72.67,72.85,117677
Retailing,Saudi Company for Hardware,07/10/2015,73.33,75.5,73.33,73.63,148952
Retailing,Saudi Company for Hardware,08/10/2015,74,74,73.17,73.17,131508
Retailing,Saudi Company for Hardware,11/10/2015,74.17,74.83,73.67,74.01,111630
Retailing,Saudi Company for Hardware,12/10/2015,74,79.5,72.83,78.23,371667
Retailing,Saudi Company for Hardware,13/10/2015,78.33,79.33,76.83,77.08,134211
Retailing,Saudi Company for Hardware,14/10/2015,76.33,77.17,74.17,74.55,140226
Retailing,Saudi Company for Hardware,15/10/2015,74.33,75.33,73.83,74.57,145454
Retailing,Saudi Company for Hardware,18/10/2015,75.33,75.33,72.83,73.09,172041
Retailing,Saudi Company for Hardware,19/10/2015,74,74,71.83,72.1,94262
Retailing,Saudi Company for Hardware,20/10/2015,71.67,72.67,71.67,71.78,71222
Retailing,Saudi Company for Hardware,21/10/2015,71.33,71.67,68,68.98,71511
Retailing,Saudi Company for Hardware,22/10/2015,68.33,69.33,67.17,67.64,49082
Retailing,Saudi Company for Hardware,25/10/2015,68,68.67,66,66.45,69396
Retailing,Saudi Company for Hardware,26/10/2015,66.67,69,66.5,67.5,213836
Retailing,Saudi Company for Hardware,27/10/2015,67,67.17,64.67,64.88,112223
Retailing,Saudi Company for Hardware,28/10/2015,65.33,66.67,64.5,66.24,102581
Retailing,Saudi Company for Hardware,29/10/2015,67.17,67.67,65.33,65.79,63876
Retailing,Saudi Company for Hardware,01/11/2015,64.83,65.5,64.17,64.19,45408
Retailing,Saudi Company for Hardware,02/11/2015,64.83,65.33,64,64.95,63416
Retailing,Saudi Company for Hardware,03/11/2015,65.17,65.67,64.33,64.61,58178
Retailing,Saudi Company for Hardware,04/11/2015,65,65,63.67,64.66,104006
Retailing,Saudi Company for Hardware,05/11/2015,64.17,64.67,64,64.25,90464
Retailing,Saudi Company for Hardware,08/11/2015,64,64.33,63,63.99,60459
Retailing,Saudi Company for Hardware,09/11/2015,63.83,68,63.83,66.35,69929
Retailing,Saudi Company for Hardware,10/11/2015,66.67,67.17,66,66.65,64373
Retailing,Saudi Company for Hardware,11/11/2015,67,67.83,66.5,67.55,52290
Retailing,Saudi Company for Hardware,12/11/2015,67.17,68,66.33,66.57,32600
Retailing,Saudi Company for Hardware,15/11/2015,64.67,66.33,63.5,66.23,154149
Retailing,Saudi Company for Hardware,16/11/2015,66.67,66.67,65.5,66,21015
Retailing,Saudi Company for Hardware,17/11/2015,67,70,67,67.16,113793
Retailing,Saudi Company for Hardware,18/11/2015,67.67,67.67,66.5,67.18,21897
Retailing,Saudi Company for Hardware,19/11/2015,67.67,68.83,67.33,68.28,69783
Retailing,Saudi Company for Hardware,22/11/2015,68.33,68.67,67.83,68.04,46752
Retailing,Saudi Company for Hardware,23/11/2015,69.33,70.67,68.67,69.33,166778
Retailing,Saudi Company for Hardware,24/11/2015,69.67,70.67,69.67,69.93,61337
Retailing,Saudi Company for Hardware,25/11/2015,70.17,70.33,69.17,69.83,62435
Retailing,Saudi Company for Hardware,26/11/2015,70,70,69.33,69.47,61221
Retailing,Saudi Company for Hardware,29/11/2015,69.17,69.17,68.5,68.65,115916
Retailing,Saudi Company for Hardware,30/11/2015,68.5,69,67.67,68.73,32655
Retailing,Saudi Company for Hardware,01/12/2015,68,69,68,68.91,47141
Retailing,Saudi Company for Hardware,02/12/2015,68.67,69.33,68.67,68.83,226454
Retailing,Saudi Company for Hardware,03/12/2015,68.67,68.67,67.83,68.33,26531
Retailing,Saudi Company for Hardware,06/12/2015,68.33,68.33,67.67,67.67,38426
Retailing,Saudi Company for Hardware,07/12/2015,68,68,65.67,65.67,45042
Retailing,Saudi Company for Hardware,08/12/2015,64.67,65,62.5,63.67,50531
Retailing,Saudi Company for Hardware,09/12/2015,64,64.33,63.33,63.73,25883
Retailing,Saudi Company for Hardware,10/12/2015,63.5,65.33,63.5,63.88,37616
Retailing,Saudi Company for Hardware,13/12/2015,62.67,62.67,59.67,60.05,195632
Retailing,Saudi Company for Hardware,14/12/2015,60.67,61,59.67,59.83,93923
Retailing,Saudi Company for Hardware,15/12/2015,60.5,61,60.17,60.35,61226
Retailing,Saudi Company for Hardware,16/12/2015,62,62,60.5,60.77,42165
Retailing,Saudi Company for Hardware,17/12/2015,60.67,64.83,60.67,63.31,315618
Retailing,Saudi Company for Hardware,20/12/2015,63,63.5,61.5,62.93,44172
Retailing,Saudi Company for Hardware,21/12/2015,62.67,63.5,62,63.33,44706
Retailing,Saudi Company for Hardware,22/12/2015,64,64.17,63.33,63.83,67218
Retailing,Saudi Company for Hardware,23/12/2015,64.17,65.83,63.67,64.64,93684
Retailing,Saudi Company for Hardware,24/12/2015,65.67,66,64.67,65.31,52997
Retailing,Saudi Company for Hardware,27/12/2015,64.67,64.83,64.17,64.73,30101
Retailing,Saudi Company for Hardware,28/12/2015,64,65,63.33,64.96,19901
Retailing,Saudi Company for Hardware,29/12/2015,64.67,66.5,64,66,278825
Retailing,Saudi Company for Hardware,30/12/2015,66,66.67,66,66.33,53537
Retailing,Saudi Company for Hardware,31/12/2015,66,67,65.5,66.35,65963
Retailing,Saudi Company for Hardware,03/01/2016,66,68.33,66,66.47,53772
Retailing,Saudi Company for Hardware,04/01/2016,66.67,66.83,66,66,92190
Retailing,Saudi Company for Hardware,05/01/2016,65.5,65.67,65.17,65.39,94761
Retailing,Saudi Company for Hardware,06/01/2016,64.83,66,64.67,64.75,29541
Retailing,Saudi Company for Hardware,07/01/2016,63.67,63.67,62,62.44,35859
Retailing,Saudi Company for Hardware,10/01/2016,62.33,64.67,62.33,62.83,32570
Retailing,Saudi Company for Hardware,11/01/2016,62.67,63.17,62,62.67,44099
Retailing,Saudi Company for Hardware,12/01/2016,60.17,62.67,60.17,62,44210
Retailing,Saudi Company for Hardware,13/01/2016,62.67,65.17,62.17,63.05,333818
Retailing,Saudi Company for Hardware,14/01/2016,64.17,64.17,60.83,61.32,50642
Retailing,Saudi Company for Hardware,17/01/2016,55.33,59.33,55.33,55.41,138506
Retailing,Saudi Company for Hardware,18/01/2016,55.33,58,54,57.55,65439
Retailing,Saudi Company for Hardware,19/01/2016,58.67,61.83,58,59.69,96107
Retailing,Saudi Company for Hardware,20/01/2016,58,58,54.17,54.66,93215
Retailing,Saudi Company for Hardware,21/01/2016,54.67,57.33,54.33,55.44,63957
Retailing,Saudi Company for Hardware,24/01/2016,57.67,60,54.67,55.22,137697
Retailing,Saudi Company for Hardware,25/01/2016,54.67,54.67,52,52.97,275213
Retailing,Saudi Company for Hardware,26/01/2016,51,52.5,50.17,52.19,181908
Retailing,Saudi Company for Hardware,27/01/2016,52.33,53.67,52.33,52.66,84660
Retailing,Saudi Company for Hardware,28/01/2016,53,54.17,53,53.31,146067
Retailing,Saudi Company for Hardware,31/01/2016,55.5,55.5,52.83,53,231894
Retailing,Saudi Company for Hardware,01/02/2016,53.17,55.83,52.33,55.05,294438
Retailing,Saudi Company for Hardware,02/02/2016,54.83,56.17,53.5,54.47,250881
Retailing,Saudi Company for Hardware,03/02/2016,53.33,54.67,53,54.4,65789
Retailing,Saudi Company for Hardware,04/02/2016,55.5,57.5,55,56.73,209387
Retailing,Saudi Company for Hardware,07/02/2016,56.67,57.17,55.33,56.23,33510
Retailing,Saudi Company for Hardware,08/02/2016,56.17,57.17,55.33,55.71,52271
Retailing,Saudi Company for Hardware,09/02/2016,56.17,56.17,55.33,55.57,17147
Retailing,Saudi Company for Hardware,10/02/2016,55,56,54.67,55.43,23451
Retailing,Saudi Company for Hardware,11/02/2016,55,55.33,52.67,53.43,44238
Retailing,Saudi Company for Hardware,14/02/2016,53.67,54.67,48.83,49.31,63131
Retailing,Saudi Company for Hardware,15/02/2016,49,50.67,49,49.98,70286
Retailing,Saudi Company for Hardware,16/02/2016,51.33,52,48.67,49.09,100257
Retailing,Saudi Company for Hardware,17/02/2016,48.67,50.67,48.67,50.53,74702
Retailing,Saudi Company for Hardware,18/02/2016,50.83,55,50.83,52.53,142067
Retailing,Saudi Company for Hardware,21/02/2016,52.67,56.33,52.67,54.33,132300
Retailing,Saudi Company for Hardware,22/02/2016,55,55.5,53.67,54.84,103539
Retailing,Saudi Company for Hardware,23/02/2016,54.67,56,54.17,55.8,121445
Retailing,Saudi Company for Hardware,24/02/2016,55,55.33,53.67,53.66,47904
Retailing,Saudi Company for Hardware,25/02/2016,54.33,55,53.67,54.81,27945
Retailing,Saudi Company for Hardware,28/02/2016,55.67,57.5,55.67,56.55,80639
Retailing,Saudi Company for Hardware,29/02/2016,56.67,57.33,56,56.59,117147
Retailing,Saudi Company for Hardware,01/03/2016,56.67,62.17,56.67,61.21,309891
Retailing,Saudi Company for Hardware,02/03/2016,61.33,65.33,60.83,62.96,356492
Retailing,Saudi Company for Hardware,03/03/2016,63.5,65,62.83,64.28,266981
Retailing,Saudi Company for Hardware,06/03/2016,65.5,66.5,64.67,65.13,72453
Retailing,Saudi Company for Hardware,07/03/2016,65.17,65.17,63.33,63.34,53040
Retailing,Saudi Company for Hardware,08/03/2016,63.67,63.83,62.67,62.98,53499
Retailing,Saudi Company for Hardware,09/03/2016,62.83,62.83,60,60.39,61908
Retailing,Saudi Company for Hardware,10/03/2016,60.33,62,60.33,60.96,66681
Retailing,Saudi Company for Hardware,13/03/2016,60.83,62.17,60.83,61.97,31385
Retailing,Saudi Company for Hardware,14/03/2016,61.67,62.33,60.67,60.81,26082
Retailing,Saudi Company for Hardware,15/03/2016,60.33,60.67,59,59.33,50489
Retailing,Saudi Company for Hardware,16/03/2016,59.33,59.83,59,59.47,43757
Retailing,Saudi Company for Hardware,17/03/2016,61,62.67,61,61.33,151532
Retailing,Saudi Company for Hardware,20/03/2016,61.83,62.33,61,61.81,29585
Retailing,Saudi Company for Hardware,21/03/2016,61.83,61.83,61.17,61.33,35906
Retailing,Saudi Company for Hardware,22/03/2016,61.17,61.33,59.83,60.47,32636
Retailing,Saudi Company for Hardware,23/03/2016,60.67,62,60.17,60.65,124988
Retailing,Saudi Company for Hardware,24/03/2016,60,60.67,58,58.09,158729
Retailing,Saudi Company for Hardware,27/03/2016,58.17,60.67,58,58.43,139965
Retailing,Saudi Company for Hardware,28/03/2016,58.83,59.33,58,58.18,55851
Retailing,Saudi Company for Hardware,29/03/2016,58.17,58.33,57.17,57.39,41840
Retailing,Saudi Company for Hardware,30/03/2016,57.5,57.5,56.33,56.59,56070
Retailing,Saudi Company for Hardware,31/03/2016,56,57.33,56,57.25,63342
Retailing,Saudi Company for Hardware,03/04/2016,56.67,56.67,54.67,55.67,18020
Retailing,Saudi Company for Hardware,04/04/2016,56.67,57.17,56.67,56.61,10059
Retailing,Saudi Company for Hardware,05/04/2016,56.33,57.33,55.67,55.91,42738
Retailing,Saudi Company for Hardware,06/04/2016,56.33,56.5,55.83,56.08,66345
Retailing,Saudi Company for Hardware,07/04/2016,56.67,57.67,56.5,56.45,67121
Retailing,Saudi Company for Hardware,10/04/2016,58.67,58.67,57,57.72,28935
Retailing,Saudi Company for Hardware,11/04/2016,58,58,57,57,15596
Retailing,Saudi Company for Hardware,12/04/2016,56.83,57.5,56.83,57.33,15033
Retailing,Saudi Company for Hardware,13/04/2016,57.33,57.67,57.33,57.37,25457
Retailing,Saudi Company for Hardware,14/04/2016,57.33,57.67,56.83,57.33,10278
Retailing,Saudi Company for Hardware,17/04/2016,57.67,57.67,56.33,56.33,24408
Retailing,Saudi Company for Hardware,18/04/2016,56,56,55.17,55.37,74289
Retailing,Saudi Company for Hardware,19/04/2016,55.67,56.5,55.67,56.33,61670
Retailing,Saudi Company for Hardware,20/04/2016,56.67,56.67,55.33,55.57,97403
Retailing,Saudi Company for Hardware,21/04/2016,56,56.5,56,56.33,46554
Retailing,Saudi Company for Hardware,24/04/2016,56.67,59.83,56.5,59.16,205548
Retailing,Saudi Company for Hardware,25/04/2016,59.17,59.83,58.17,59.71,100530
Retailing,Saudi Company for Hardware,26/04/2016,59.33,59.5,58,58.27,52646
Retailing,Saudi Company for Hardware,27/04/2016,58.5,58.83,58.33,58.83,67041
Retailing,Saudi Company for Hardware,28/04/2016,58.83,59.67,58.67,59.05,52815
Retailing,Saudi Company for Hardware,01/05/2016,59.67,60.33,59,60.07,64337
Retailing,Saudi Company for Hardware,02/05/2016,60.33,60.67,58.33,59.39,137654
Retailing,Saudi Company for Hardware,03/05/2016,59.33,59.33,57.83,57.89,87231
Retailing,Saudi Company for Hardware,04/05/2016,57.5,57.67,56.83,57.67,23778
Retailing,Saudi Company for Hardware,05/05/2016,57.67,58.33,57.67,57.73,27476
Retailing,Saudi Company for Hardware,08/05/2016,58,58.67,57.67,57.71,34976
Retailing,Saudi Company for Hardware,09/05/2016,57.67,58.33,57.67,58.29,19067
Retailing,Saudi Company for Hardware,10/05/2016,57.83,58,57.67,57.84,8181
Retailing,Saudi Company for Hardware,11/05/2016,57.83,60.17,57.83,58.33,118425
Retailing,Saudi Company for Hardware,12/05/2016,58.33,64.17,58.33,64.17,597537
Retailing,Saudi Company for Hardware,15/05/2016,65.67,66.5,60.67,61.23,480233
Retailing,Saudi Company for Hardware,16/05/2016,61,63.5,60.5,61.59,334245
Retailing,Saudi Company for Hardware,17/05/2016,61.83,62.33,61.33,61.61,112659
Retailing,Saudi Company for Hardware,18/05/2016,62,62,60.83,61.3,65436
Retailing,Saudi Company for Hardware,19/05/2016,60.17,60.83,60,60.28,65256
Retailing,Saudi Company for Hardware,22/05/2016,60.5,62.5,60.33,60.43,81240
Retailing,Saudi Company for Hardware,23/05/2016,60.33,60.33,58,58.04,71402
Retailing,Saudi Company for Hardware,24/05/2016,58.33,58.67,58,58.21,34322
Retailing,Saudi Company for Hardware,25/05/2016,59,61.33,59,59.79,82724
Retailing,Saudi Company for Hardware,26/05/2016,60.33,60.33,59,59,86328
Retailing,Saudi Company for Hardware,29/05/2016,58.33,59,58.33,58.5,34389
Retailing,Saudi Company for Hardware,30/05/2016,58.33,58.67,57.67,58.15,21480
Retailing,Saudi Company for Hardware,31/05/2016,58.67,58.67,57.83,58.64,22491
Retailing,Saudi Company for Hardware,01/06/2016,58.67,59,57.83,58.29,28068
Retailing,Saudi Company for Hardware,02/06/2016,58.5,61.33,58.5,59.28,95523
Retailing,Saudi Company for Hardware,05/06/2016,59.5,60.5,59.17,59.17,43350
Retailing,Saudi Company for Hardware,06/06/2016,58.83,59.67,58.83,59.5,10766
Retailing,Saudi Company for Hardware,07/06/2016,59.67,59.67,59.17,59.33,15596
Retailing,Saudi Company for Hardware,08/06/2016,59.33,61.17,59.33,60.59,87971
Retailing,Saudi Company for Hardware,09/06/2016,60.33,60.33,59.83,59.85,49500
Retailing,Saudi Company for Hardware,12/06/2016,60,60,59.33,59.67,17315
Retailing,Saudi Company for Hardware,13/06/2016,59.5,61,59.33,60.25,45095
Retailing,Saudi Company for Hardware,14/06/2016,60.17,60.17,59.5,59.64,33371
Retailing,Saudi Company for Hardware,15/06/2016,59.83,60.5,59.17,59.17,54563
Retailing,Saudi Company for Hardware,16/06/2016,59,59.17,58.83,59,36315
Retailing,Saudi Company for Hardware,19/06/2016,59.83,59.83,59.17,59.33,7712
Retailing,Saudi Company for Hardware,20/06/2016,59.33,59.67,59.17,59.41,7841
Retailing,Saudi Company for Hardware,21/06/2016,59,59.5,59,59.5,3918
Retailing,Saudi Company for Hardware,22/06/2016,59.5,59.5,59.17,59.17,3792
Retailing,Saudi Company for Hardware,23/06/2016,58.83,60,58.83,59.83,16311
Retailing,Saudi Company for Hardware,26/06/2016,57.33,58.67,56.67,59,32493
Retailing,Saudi Company for Hardware,27/06/2016,58.83,59.33,58.83,59,7289
Retailing,Saudi Company for Hardware,28/06/2016,58.83,59,58.83,59,3453
Retailing,Saudi Company for Hardware,29/06/2016,58.67,59.67,58.67,59.17,14307
Retailing,Saudi Company for Hardware,30/06/2016,59.17,59.33,58.83,59.11,33527
Retailing,Saudi Company for Hardware,10/07/2016,59.33,59.67,59.17,59.32,33848
Retailing,Saudi Company for Hardware,11/07/2016,59.33,59.33,59,58.83,25904
Retailing,Saudi Company for Hardware,12/07/2016,59,60.33,59,60.07,22259
Retailing,Saudi Company for Hardware,13/07/2016,60,62.33,59.83,60.33,71712
Retailing,Saudi Company for Hardware,14/07/2016,60.33,60.33,59.5,59.83,22860
Retailing,Saudi Company for Hardware,17/07/2016,60,60,59.67,59.83,19773
Retailing,Saudi Company for Hardware,18/07/2016,59.67,59.67,59,59.49,24984
Retailing,Saudi Company for Hardware,19/07/2016,59.5,59.67,58.83,58.83,24389
Retailing,Saudi Company for Hardware,20/07/2016,58.83,59.67,58.67,59.5,23786
Retailing,Saudi Company for Hardware,21/07/2016,60,60,59.33,59.33,12857
Retailing,Saudi Company for Hardware,24/07/2016,59.5,59.5,58.83,58.83,6624
Retailing,Saudi Company for Hardware,25/07/2016,58.5,59,58.33,59,7404
Retailing,Saudi Company for Hardware,26/07/2016,59.5,59.5,58.5,59,5687
Retailing,Saudi Company for Hardware,27/07/2016,58.83,59.83,58.83,59.7,8421
Retailing,Saudi Company for Hardware,28/07/2016,59.33,59.33,59,59.13,19995
Retailing,Saudi Company for Hardware,31/07/2016,58.83,58.83,58,58,26582
Retailing,Saudi Company for Hardware,01/08/2016,57.5,58.17,57.5,58,19860
Retailing,Saudi Company for Hardware,02/08/2016,57.33,57.33,56.67,56.72,107516
Retailing,Saudi Company for Hardware,03/08/2016,57.33,57.33,56.67,56.67,76296
Retailing,Saudi Company for Hardware,04/08/2016,56.83,56.83,56.33,56.49,17831
Retailing,Saudi Company for Hardware,07/08/2016,56.67,56.67,56.33,56.19,56624
Retailing,Saudi Company for Hardware,08/08/2016,56.33,56.33,56,56.1,8777
Retailing,Saudi Company for Hardware,09/08/2016,56.17,57,56,56.2,50268
Retailing,Saudi Company for Hardware,10/08/2016,56.33,56.67,56.17,56.65,29700
Retailing,Saudi Company for Hardware,11/08/2016,56.17,56.33,55.33,55.66,50124
Retailing,Saudi Company for Hardware,14/08/2016,56,56.17,55.17,55.33,47073
Retailing,Saudi Company for Hardware,15/08/2016,55.5,56,55.17,55.31,32829
Retailing,Saudi Company for Hardware,16/08/2016,55,55,54.5,54.5,32201
Retailing,Saudi Company for Hardware,17/08/2016,54.5,55.67,53.33,53.5,41138
Retailing,Saudi Company for Hardware,18/08/2016,53.5,53.5,52.33,52.5,73580
Retailing,Saudi Company for Hardware,21/08/2016,52.33,52.67,51.67,51.72,16653
Retailing,Saudi Company for Hardware,22/08/2016,51.5,51.67,50.67,50.75,26648
Retailing,Saudi Company for Hardware,23/08/2016,50.33,50.67,49.83,50.18,73452
Retailing,Saudi Company for Hardware,24/08/2016,50.17,50.17,49,49.19,67976
Retailing,Saudi Company for Hardware,25/08/2016,49.33,50,48.83,49.2,41123
Retailing,Saudi Company for Hardware,28/08/2016,49.33,50,49.33,49.67,43463
Retailing,Saudi Company for Hardware,29/08/2016,49.67,49.83,49.33,50,43044
Retailing,Saudi Company for Hardware,30/08/2016,49.67,51,49.67,50.56,51932
Retailing,Saudi Company for Hardware,31/08/2016,50,50.17,49,49.02,49026
Retailing,Saudi Company for Hardware,01/09/2016,49.17,49.17,46.17,46.39,189744
Retailing,Saudi Company for Hardware,04/09/2016,46.17,48.67,46.17,48.57,74232
Retailing,Saudi Company for Hardware,05/09/2016,48.67,48.67,48.33,48.33,63074
Retailing,Saudi Company for Hardware,06/09/2016,48.83,49,48,47.99,37220
Retailing,Saudi Company for Hardware,07/09/2016,48,48.17,47.33,48.01,96180
Retailing,Saudi Company for Hardware,08/09/2016,48,48.33,48,48.01,248999
Retailing,Saudi Company for Hardware,18/09/2016,48.17,48.17,47.67,47.67,39182
Retailing,Saudi Company for Hardware,19/09/2016,47.83,48,46.67,46.83,119535
Retailing,Saudi Company for Hardware,20/09/2016,47.33,47.33,46.67,46.67,89082
Retailing,Saudi Company for Hardware,21/09/2016,47.17,47.33,47,47,194634
Retailing,Saudi Company for Hardware,25/09/2016,46.67,46.67,46.5,46.67,2670
Retailing,Saudi Company for Hardware,26/09/2016,46.67,47,46.5,46.5,29654
Retailing,Saudi Company for Hardware,27/09/2016,46.17,46.17,42,42.01,122273
Retailing,Saudi Company for Hardware,28/09/2016,42,42.67,39,39.63,95855
Retailing,Saudi Company for Hardware,29/09/2016,39.83,40.67,39.17,40.27,89760
Retailing,Saudi Company for Hardware,02/10/2016,40.17,41.17,36.33,36.58,59453
Retailing,Saudi Company for Hardware,03/10/2016,37,39,34,36.85,127271
Retailing,Saudi Company for Hardware,04/10/2016,36.67,37.33,35.83,36.57,69800
Retailing,Saudi Company for Hardware,05/10/2016,37.17,37.17,36.33,36.45,43227
Retailing,Saudi Company for Hardware,06/10/2016,36.67,36.67,35.5,36.31,64385
Retailing,Saudi Company for Hardware,09/10/2016,36.67,36.67,35,35.24,57572
Retailing,Saudi Company for Hardware,10/10/2016,34.67,35.17,34.67,35.15,59225
Retailing,Saudi Company for Hardware,11/10/2016,35.17,36.33,35.17,36,166541
Retailing,Saudi Company for Hardware,12/10/2016,35.83,36.67,35.83,36.67,112814
Retailing,Saudi Company for Hardware,13/10/2016,36.5,37.33,36,36.29,144717
Retailing,Saudi Company for Hardware,16/10/2016,35.83,36.67,35.83,36.17,17885
Retailing,Saudi Company for Hardware,17/10/2016,36.83,38.33,36.83,37.45,282044
Retailing,Saudi Company for Hardware,18/10/2016,37,38,36.67,37.71,133851
Retailing,Saudi Company for Hardware,19/10/2016,38,38,36.5,36.68,41585
Retailing,Saudi Company for Hardware,20/10/2016,36.5,38,36.33,37.71,118343
Retailing,Saudi Company for Hardware,23/10/2016,37.5,40,37.5,39.59,269841
Retailing,Saudi Company for Hardware,24/10/2016,40.17,43.17,40,42.71,180093
Retailing,Saudi Company for Hardware,25/10/2016,43,45.17,41.83,41.97,165921
Retailing,Saudi Company for Hardware,26/10/2016,41.83,42,40.33,41.33,249381
Retailing,Saudi Company for Hardware,27/10/2016,41.67,42,41.33,41.51,82341
Retailing,Saudi Company for Hardware,30/10/2016,41.5,42,41.33,41.85,25328
Retailing,Saudi Company for Hardware,31/10/2016,42,42.33,42,42.21,58628
Retailing,Saudi Company for Hardware,01/11/2016,42.33,42.33,41.83,41.98,10304
Retailing,Saudi Company for Hardware,02/11/2016,41.33,43.17,41.33,42.35,172694
Retailing,Saudi Company for Hardware,03/11/2016,42.33,44.17,42,42.17,234941
Retailing,Saudi Company for Hardware,06/11/2016,42,42.67,41.67,42.42,243656
Retailing,Saudi Company for Hardware,07/11/2016,42.83,44.33,42.83,43.83,130410
Retailing,Saudi Company for Hardware,08/11/2016,44.17,47.83,44.17,46.7,303528
Retailing,Saudi Company for Hardware,09/11/2016,46.67,48,44,46.34,298745
Retailing,Saudi Company for Hardware,10/11/2016,46.67,47.83,46.67,47.78,154820
Retailing,Saudi Company for Hardware,13/11/2016,47.67,49.33,47.67,49.21,82241
Retailing,Saudi Company for Hardware,14/11/2016,48.67,50.17,48,49.37,116033
Retailing,Saudi Company for Hardware,15/11/2016,49.5,49.83,47.67,47.99,64406
Retailing,Saudi Company for Hardware,16/11/2016,49.33,49.67,48.17,48.96,58529
Retailing,Saudi Company for Hardware,17/11/2016,48.67,49.33,48.5,49.14,25757
Retailing,Saudi Company for Hardware,20/11/2016,49.33,49.33,48,48.78,13484
Retailing,Saudi Company for Hardware,21/11/2016,48.83,49,48.67,48.6,11589
Retailing,Saudi Company for Hardware,22/11/2016,49.17,49.33,49,49,43734
Retailing,Saudi Company for Hardware,23/11/2016,49.17,50.17,49.17,49.63,195569
Retailing,Saudi Company for Hardware,24/11/2016,50.17,50.83,48,48.31,277556
Retailing,Saudi Company for Hardware,27/11/2016,48.33,49,48,48.96,73809
Retailing,Saudi Company for Hardware,28/11/2016,48.5,49.17,48.5,49.01,71304
Retailing,Saudi Company for Hardware,29/11/2016,49.33,50.33,49.17,49.47,92990
Retailing,Saudi Company for Hardware,30/11/2016,49.67,51.33,49.67,50.74,126896
Retailing,Saudi Company for Hardware,01/12/2016,51.33,51.83,50.83,51.15,124830
Retailing,Saudi Company for Hardware,04/12/2016,51.67,52,50.83,51.13,65340
Retailing,Saudi Company for Hardware,05/12/2016,50.67,51.83,49.33,50.33,168024
Retailing,Saudi Company for Hardware,06/12/2016,51.33,51.67,51,51.37,64500
Retailing,Saudi Company for Hardware,07/12/2016,51.33,56.17,51.33,55.35,265479
Retailing,Saudi Company for Hardware,08/12/2016,55.33,55.33,53.83,54.26,156656
Retailing,Saudi Company for Hardware,11/12/2016,53.83,55.5,53.83,53.92,109419
Retailing,Saudi Company for Hardware,12/12/2016,54,54,52.67,52.77,111113
Retailing,Saudi Company for Hardware,13/12/2016,52.33,52.33,51.33,52.09,68258
Retailing,Saudi Company for Hardware,14/12/2016,52,55.33,52,52.93,191240
Retailing,Saudi Company for Hardware,15/12/2016,53.33,54.5,53.33,53.34,68015
Retailing,Saudi Company for Hardware,18/12/2016,54,55.33,53.67,54.43,57299
Retailing,Saudi Company for Hardware,19/12/2016,54.17,54.83,54.17,54.33,73010
Retailing,Saudi Company for Hardware,20/12/2016,54.33,54.33,53.5,54.23,31908
Retailing,Saudi Company for Hardware,21/12/2016,54.33,54.33,53,53.24,50646
Retailing,Saudi Company for Hardware,22/12/2016,53.17,55.17,53.17,55.07,62832
Retailing,Saudi Company for Hardware,25/12/2016,55.17,56.67,55.17,56.61,63231
Retailing,Saudi Company for Hardware,26/12/2016,56.67,57.67,56.5,57.33,45167
Retailing,Saudi Company for Hardware,27/12/2016,57.17,58,56.67,57.63,47636
Retailing,Saudi Company for Hardware,28/12/2016,57.67,58.83,57.67,58.43,80349
Retailing,Saudi Company for Hardware,29/12/2016,57.33,57.5,56.83,56.91,54327
Retailing,Saudi Company for Hardware,01/01/2017,56.33,57.33,56.33,56.67,18956
Retailing,Saudi Company for Hardware,02/01/2017,56.67,57.33,56.67,56.67,99180
Retailing,Saudi Company for Hardware,03/01/2017,57,58.67,57,57.33,29510
Retailing,Saudi Company for Hardware,04/01/2017,57.5,58.67,57.5,58.44,54623
Retailing,Saudi Company for Hardware,05/01/2017,58.33,60,58,58.54,62685
Retailing,Saudi Company for Hardware,08/01/2017,58.67,59.33,58.33,58.77,165245
Retailing,Saudi Company for Hardware,09/01/2017,58.33,58.67,57.83,57.85,135485
Retailing,Saudi Company for Hardware,10/01/2017,57.5,58,57,57.65,44180
Retailing,Saudi Company for Hardware,11/01/2017,56.83,56.83,56.67,56.67,6561
Retailing,Saudi Company for Hardware,12/01/2017,56.83,57.33,56.67,56.83,13028
Retailing,Saudi Company for Hardware,15/01/2017,56,56,54,54.22,90554
Retailing,Saudi Company for Hardware,16/01/2017,55.67,58.83,55,57.14,228194
Retailing,Saudi Company for Hardware,17/01/2017,57.33,58.67,56.67,58.05,57129
Retailing,Saudi Company for Hardware,18/01/2017,57.33,58.17,57,57.15,41915
Retailing,Saudi Company for Hardware,19/01/2017,56.33,58.17,56.33,57.67,23118
Retailing,Saudi Company for Hardware,22/01/2017,57.33,59.17,56.67,59.01,47522
Retailing,Saudi Company for Hardware,23/01/2017,59,60.17,58.33,58.68,43349
Retailing,Saudi Company for Hardware,24/01/2017,59.5,59.5,58.5,58.72,57206
Retailing,Saudi Company for Hardware,25/01/2017,58.67,59.67,58.67,58.87,30633
Retailing,Saudi Company for Hardware,26/01/2017,58.83,59.33,58.83,59.17,43589
Retailing,Saudi Company for Hardware,29/01/2017,59.83,60.5,59,60.21,362202
Retailing,Saudi Company for Hardware,30/01/2017,59.83,60.17,59,59.02,36924
Retailing,Saudi Company for Hardware,31/01/2017,59.17,59.67,58,58.83,150354
Retailing,Saudi Company for Hardware,01/02/2017,58.83,59,58.17,59.06,14312
Retailing,Saudi Company for Hardware,02/02/2017,59.33,62,59.33,61.15,59082
Retailing,Saudi Company for Hardware,05/02/2017,61.67,62.17,61.33,61.67,75714
Retailing,Saudi Company for Hardware,06/02/2017,62,63.17,61.83,62.5,67715
Retailing,Saudi Company for Hardware,07/02/2017,62.67,64.83,62.67,63.91,128246
Retailing,Saudi Company for Hardware,08/02/2017,63.67,64.67,63.33,64.17,94263
Retailing,Saudi Company for Hardware,09/02/2017,64,64.5,63.83,64.35,95300
Retailing,Saudi Company for Hardware,12/02/2017,64.5,69,64.5,65.08,156765
Retailing,Saudi Company for Hardware,13/02/2017,65.67,66.67,64.67,65.09,57452
Retailing,Saudi Company for Hardware,14/02/2017,64.83,65,63.33,63.55,33711
Retailing,Saudi Company for Hardware,15/02/2017,63.5,63.67,61.83,62.29,70389
Retailing,Saudi Company for Hardware,16/02/2017,62.67,63.83,62.67,63.16,56163
Retailing,Saudi Company for Hardware,19/02/2017,63.83,63.83,63.17,63.13,15119
Retailing,Saudi Company for Hardware,20/02/2017,62,62.83,62,62.67,14148
Retailing,Saudi Company for Hardware,21/02/2017,62.67,62.67,62,62.67,22424
Retailing,Saudi Company for Hardware,22/02/2017,62.67,63.5,62.67,63.33,33479
Retailing,Saudi Company for Hardware,23/02/2017,64,64.17,63.5,63.46,12999
Retailing,Saudi Company for Hardware,26/02/2017,64,64.33,64,64.33,3756
Retailing,Saudi Company for Hardware,27/02/2017,63.33,63.33,63,63.31,8780
Retailing,Saudi Company for Hardware,28/02/2017,63,63,63,63.32,1797
Retailing,Saudi Company for Hardware,01/03/2017,63.33,63.5,63,63,8063
Retailing,Saudi Company for Hardware,02/03/2017,63,63,63,62.67,7284
Retailing,Saudi Company for Hardware,05/03/2017,62.83,63,62.67,63,43481
Retailing,Saudi Company for Hardware,06/03/2017,62.33,63,62,61.98,59459
Retailing,Saudi Company for Hardware,07/03/2017,62,62,61.67,61.38,10785
Retailing,Saudi Company for Hardware,08/03/2017,60.67,60.67,60,60.49,33791
Retailing,Saudi Company for Hardware,09/03/2017,60,60,58,58.28,40413
Retailing,Saudi Company for Hardware,12/03/2017,58,58,57.33,57.38,16944
Retailing,Saudi Company for Hardware,13/03/2017,57.33,58,57.33,57.58,42788
Retailing,Saudi Company for Hardware,14/03/2017,56.83,57,56.83,57,17126
Retailing,Saudi Company for Hardware,15/03/2017,57.17,59,57.17,58.56,37386
Retailing,Saudi Company for Hardware,16/03/2017,58.67,60.33,58.67,59.85,116519
Retailing,Saudi Company for Hardware,19/03/2017,59.33,59.67,59.17,59,62664
Retailing,Saudi Company for Hardware,20/03/2017,58.67,59.17,58.67,59.08,74306
Retailing,Saudi Company for Hardware,21/03/2017,59.17,62.33,59.17,60.38,110772
Retailing,Saudi Company for Hardware,22/03/2017,60.33,60.33,59.33,59.59,120743
Retailing,Saudi Company for Hardware,23/03/2017,60,62.33,60,60.37,198974
Retailing,Saudi Company for Hardware,26/03/2017,60.83,61.33,59.33,59.35,53097
Retailing,Saudi Company for Hardware,27/03/2017,59,59,58,58.65,32907
Retailing,Saudi Company for Hardware,28/03/2017,58.67,58.83,58.5,58.69,50753
Retailing,Saudi Company for Hardware,29/03/2017,58.67,60.17,58.67,59.97,153576
Retailing,Saudi Company for Hardware,30/03/2017,60.67,60.67,59.5,60.16,39120
Retailing,Saudi Company for Hardware,02/04/2017,60,60,59.5,59.83,3729
Retailing,Saudi Company for Hardware,03/04/2017,60.33,60.33,59.67,59.65,7752
Retailing,Saudi Company for Hardware,04/04/2017,60,60,59.67,59.83,9930
Retailing,Saudi Company for Hardware,05/04/2017,60.33,61.33,60,60.07,104823
Retailing,Saudi Company for Hardware,06/04/2017,60.33,61,60.17,60.91,46032
Retailing,Saudi Company for Hardware,09/04/2017,61,61,60.33,60.92,12602
Retailing,Saudi Company for Hardware,10/04/2017,61,62.5,61,62.15,52695
Retailing,Saudi Company for Hardware,11/04/2017,62.5,67.33,62.5,64.02,290478
Retailing,Saudi Company for Hardware,12/04/2017,65.67,65.83,64,65.2,82248
Retailing,Saudi Company for Hardware,13/04/2017,65.33,68,64,64.41,189716
Retailing,Saudi Company for Hardware,16/04/2017,64.33,64.33,63.17,63.52,19466
Retailing,Saudi Company for Hardware,17/04/2017,63,65.67,63,65.17,24746
Retailing,Saudi Company for Hardware,18/04/2017,65.33,67.33,64.33,64.42,43985
Retailing,Saudi Company for Hardware,19/04/2017,64.33,65,64.33,64.73,33147
Retailing,Saudi Company for Hardware,20/04/2017,64.17,64.33,63.33,63.58,39335
Retailing,Saudi Company for Hardware,23/04/2017,66,69.33,66,69.15,268830
Retailing,Saudi Company for Hardware,24/04/2017,68,69.17,68,68,67122
Retailing,Saudi Company for Hardware,25/04/2017,68.33,68.83,68.33,68.23,24582
Retailing,Saudi Company for Hardware,26/04/2017,68,68.33,68,68,75386
Retailing,Saudi Company for Hardware,27/04/2017,67.33,67.5,66.5,67.33,19733
Retailing,Saudi Company for Hardware,30/04/2017,67.33,68,67.33,67.83,60014
Retailing,Saudi Company for Hardware,01/05/2017,68.5,72.67,68.33,69.8,99861
Retailing,Saudi Company for Hardware,02/05/2017,70.5,70.67,70,69.99,35354
Retailing,Saudi Company for Hardware,03/05/2017,70,70,69.5,70,20414
Retailing,Saudi Company for Hardware,04/05/2017,68.83,68.83,68.67,68.67,11895
Retailing,Saudi Company for Hardware,07/05/2017,68,68,66.67,66.85,14004
Retailing,Saudi Company for Hardware,08/05/2017,66.83,67.33,66.67,67.33,52842
Retailing,Saudi Company for Hardware,09/05/2017,67.67,70.67,67.67,68.83,25761
Retailing,Saudi Company for Hardware,10/05/2017,68.83,69.33,68.33,69.17,10529
Retailing,Saudi Company for Hardware,11/05/2017,69.17,69.17,66.67,67.33,22224
Retailing,Saudi Company for Hardware,14/05/2017,66.33,66.83,66.17,66.5,16358
Retailing,Saudi Company for Hardware,15/05/2017,66.17,67.17,66,67.17,133446
Retailing,Saudi Company for Hardware,16/05/2017,67,67.67,67,67.45,7145
Retailing,Saudi Company for Hardware,17/05/2017,67.5,68,67.5,67.5,3300
Retailing,Saudi Company for Hardware,18/05/2017,67.5,68,66.83,66.83,13220
Retailing,Saudi Company for Hardware,21/05/2017,67.5,67.5,67,66.99,32312
Retailing,Saudi Company for Hardware,22/05/2017,66.67,67.17,66.67,66.81,18528
Retailing,Saudi Company for Hardware,23/05/2017,66.67,67.17,66.67,66.67,37274
Retailing,Saudi Company for Hardware,24/05/2017,68,68.5,67.33,67.57,45266
Retailing,Saudi Company for Hardware,25/05/2017,68,68.67,67.83,68.27,35142
Retailing,Saudi Company for Hardware,28/05/2017,67.5,68.67,67.33,68.51,254351
Retailing,Saudi Company for Hardware,29/05/2017,68.67,68.67,68,68.21,5679
Retailing,Saudi Company for Hardware,30/05/2017,67.83,68,67.67,68,28524
Retailing,Saudi Company for Hardware,31/05/2017,67.33,68.33,67.33,68.12,30947
Retailing,Saudi Company for Hardware,01/06/2017,68.33,71.17,68.33,70.31,34848
Retailing,Saudi Company for Hardware,04/06/2017,70,70.13,69.47,69.89,18731
Retailing,Saudi Company for Hardware,05/06/2017,69.6,70.53,69.6,70.27,14295
Retailing,Saudi Company for Hardware,06/06/2017,70.93,70.93,70.27,70.61,14892
Retailing,Saudi Company for Hardware,07/06/2017,69.6,70.13,69.6,69.73,40572
Retailing,Saudi Company for Hardware,08/06/2017,68.8,69.73,68.8,68.53,10263
Retailing,Saudi Company for Hardware,11/06/2017,67.33,67.73,66.8,67.73,5855
Retailing,Saudi Company for Hardware,12/06/2017,67.33,67.73,67.2,67.22,35856
Retailing,Saudi Company for Hardware,13/06/2017,67.6,68.27,67.6,68.53,8559
Retailing,Saudi Company for Hardware,14/06/2017,69.07,69.07,67.6,67.64,32805
Retailing,Saudi Company for Hardware,15/06/2017,67.33,67.33,65.8,66.19,94976
Retailing,Saudi Company for Hardware,18/06/2017,65.33,65.6,65.2,65.6,15224
Retailing,Saudi Company for Hardware,19/06/2017,65.33,66.67,65.33,66.57,71750
Retailing,Saudi Company for Hardware,20/06/2017,66.4,66.47,66.13,66.37,33534
Retailing,Saudi Company for Hardware,21/06/2017,66.67,70.13,66.47,70.04,129723
Retailing,Saudi Company for Hardware,22/06/2017,69.33,71.47,68,70.67,113714
Retailing,Saudi Company for Hardware,02/07/2017,69.33,70.8,69.33,69.85,7841
Retailing,Saudi Company for Hardware,03/07/2017,69.6,69.6,68.93,69.47,51929
Retailing,Saudi Company for Hardware,04/07/2017,69.33,69.33,68,67.85,29202
Retailing,Saudi Company for Hardware,05/07/2017,68.13,68.27,66.67,66.69,42945
Retailing,Saudi Company for Hardware,06/07/2017,66.2,67.07,64.73,64.83,103928
Retailing,Saudi Company for Hardware,09/07/2017,64.87,66.33,64.87,65.6,10320
Retailing,Saudi Company for Hardware,10/07/2017,66.33,68.93,66.2,67.37,18864
Retailing,Saudi Company for Hardware,11/07/2017,67.47,68.67,67.07,68.37,25748
Retailing,Saudi Company for Hardware,12/07/2017,68.4,70.27,68.4,68.67,281774
Retailing,Saudi Company for Hardware,13/07/2017,69.33,69.33,67.33,68,38517
Retailing,Saudi Company for Hardware,16/07/2017,68,69.73,68,69.32,34971
Retailing,Saudi Company for Hardware,17/07/2017,68.93,69.33,68,68.26,11424
Retailing,Saudi Company for Hardware,18/07/2017,67.6,68.4,67.6,68,132840
Retailing,Saudi Company for Hardware,19/07/2017,68.67,69.33,68.67,69.3,3882
Retailing,Saudi Company for Hardware,20/07/2017,68.93,69.47,68.93,69.47,14475
Retailing,Saudi Company for Hardware,23/07/2017,68.67,68.67,68.67,68.67,1550
Retailing,Saudi Company for Hardware,24/07/2017,68.67,68.67,68.67,68.13,3375
Retailing,Saudi Company for Hardware,25/07/2017,68.13,68.13,68,68.58,9092
Retailing,Saudi Company for Hardware,26/07/2017,68.27,68.27,68.13,68.21,1400
Retailing,Saudi Company for Hardware,27/07/2017,69.47,70.67,68,68.67,50786
Retailing,Saudi Company for Hardware,30/07/2017,68,68.67,67.07,67.2,9618
Retailing,Saudi Company for Hardware,31/07/2017,67.2,67.6,67.07,67.71,33129
Retailing,Saudi Company for Hardware,01/08/2017,66.67,66.93,66.67,66.93,21324
Retailing,Saudi Company for Hardware,02/08/2017,67.33,68,67.33,67.99,44213
Retailing,Saudi Company for Hardware,03/08/2017,68,68.53,67.73,68.15,7104
Retailing,Saudi Company for Hardware,06/08/2017,68.4,68.67,68,68,13236
Retailing,Saudi Company for Hardware,07/08/2017,68,68,68,68,7251
Retailing,Saudi Company for Hardware,08/08/2017,68,68.67,68,68.61,25616
Retailing,Saudi Company for Hardware,09/08/2017,68.67,69.6,68.13,69.33,30704
Retailing,Saudi Company for Hardware,10/08/2017,69.6,69.6,69.33,69.46,6797
Retailing,Saudi Company for Hardware,13/08/2017,68.67,69.47,68.67,69.46,48636
Retailing,Saudi Company for Hardware,14/08/2017,69.33,69.47,69.33,69.47,15816
Retailing,Saudi Company for Hardware,15/08/2017,69.47,70.67,69.47,70.32,64050
Retailing,Saudi Company for Hardware,16/08/2017,70.13,70.67,70.13,70.67,22023
Retailing,Saudi Company for Hardware,17/08/2017,71.33,72.27,71.33,71.47,73271
Retailing,Saudi Company for Hardware,20/08/2017,72,72.4,72,72.17,7845
Retailing,Saudi Company for Hardware,21/08/2017,72.27,76.4,72.27,73.47,61871
Retailing,Saudi Company for Hardware,22/08/2017,73.2,73.33,72.4,73.33,24401
Retailing,Saudi Company for Hardware,23/08/2017,73.33,74,73.07,73.07,12390
Retailing,Saudi Company for Hardware,24/08/2017,72.93,72.93,72.67,72.75,19118
Retailing,Saudi Company for Hardware,27/08/2017,72.13,72.27,72,72.13,34821
Retailing,Saudi Company for Hardware,28/08/2017,71.33,72.53,71.33,71.73,16347
Retailing,Saudi Company for Hardware,29/08/2017,71.6,71.73,71.6,71.73,7376
Retailing,Saudi Company for Hardware,06/09/2017,71.73,71.73,71.73,71.73,1122
Retailing,Saudi Company for Hardware,07/09/2017,71.33,73.2,71.33,71.35,64844
Retailing,Saudi Company for Hardware,10/09/2017,72.4,72.4,72.4,72.41,7748
Retailing,Saudi Company for Hardware,11/09/2017,71.87,72.4,71.87,72.48,81357
Retailing,Saudi Company for Hardware,12/09/2017,72.27,72.27,72.27,72.53,2630
Retailing,Saudi Company for Hardware,13/09/2017,72.27,72.27,72.27,72.27,1629
Retailing,Saudi Company for Hardware,14/09/2017,72.13,72.13,72.13,72.53,22376
Retailing,Saudi Company for Hardware,17/09/2017,72.4,73.33,72.4,72.8,10821
Retailing,Saudi Company for Hardware,18/09/2017,72.8,72.93,72.67,72.8,13290
Retailing,Saudi Company for Hardware,19/09/2017,72.13,72.13,72,72.02,3035
Retailing,Saudi Company for Hardware,20/09/2017,72.67,72.67,72.67,72.67,6801
Retailing,Saudi Company for Hardware,21/09/2017,71.33,72.67,71.33,71.73,15021
Retailing,Saudi Company for Hardware,25/09/2017,71.73,72.27,71.33,71.47,30680
Retailing,Saudi Company for Hardware,26/09/2017,71.6,72,71.6,72,3893
Retailing,Saudi Company for Hardware,27/09/2017,71.87,71.87,71.87,71.87,14834
Retailing,Saudi Company for Hardware,28/09/2017,0,0,0,72.13,609
Retailing,Saudi Company for Hardware,01/10/2017,71.6,72,71.6,72,2642
Retailing,Saudi Company for Hardware,02/10/2017,72,72.93,72,72.91,24504
Retailing,Saudi Company for Hardware,03/10/2017,72.67,74.13,72.67,73.33,10571
Retailing,Saudi Company for Hardware,04/10/2017,73.33,74,73.33,73.47,41130
Retailing,Saudi Company for Hardware,05/10/2017,0,0,0,73.47,714
Retailing,Saudi Company for Hardware,08/10/2017,73.47,74.93,73.47,74.25,5976
Retailing,Saudi Company for Hardware,09/10/2017,74.4,74.8,73.47,73.61,12927
Retailing,Saudi Company for Hardware,10/10/2017,73.6,73.6,73.47,73.47,3479
Retailing,Saudi Company for Hardware,11/10/2017,73.47,73.47,72.67,72.67,68711
Retailing,Saudi Company for Hardware,12/10/2017,73.6,73.87,73.6,73.6,3903
Retailing,Saudi Company for Hardware,15/10/2017,73.07,73.73,73.07,73.73,1943
Retailing,Saudi Company for Hardware,16/10/2017,73.73,73.73,73.33,73.33,8249
Retailing,Saudi Company for Hardware,17/10/2017,0,0,0,73.33,480
Retailing,Saudi Company for Hardware,18/10/2017,73.33,73.33,73.33,73.15,4584
Retailing,Saudi Company for Hardware,19/10/2017,72.8,74,72.8,73.87,59000
Retailing,Saudi Company for Hardware,22/10/2017,72.8,72.8,72.8,72.8,31214
Retailing,Saudi Company for Hardware,23/10/2017,72.8,72.93,72.8,72.92,10122
Retailing,Saudi Company for Hardware,24/10/2017,72.67,72.8,71.73,71.86,18516
Retailing,Saudi Company for Hardware,25/10/2017,71.47,71.47,71.33,71.47,25196
Retailing,Saudi Company for Hardware,26/10/2017,72.4,72.4,71.2,71.87,13931
Retailing,Saudi Company for Hardware,29/10/2017,71.33,71.87,71.2,71.54,22190
Retailing,Saudi Company for Hardware,30/10/2017,71.47,71.47,71.47,72,2682
Retailing,Saudi Company for Hardware,31/10/2017,71.6,71.6,70,70.88,21954
Retailing,Saudi Company for Hardware,01/11/2017,71.07,72.4,71.07,72.4,3795
Retailing,Saudi Company for Hardware,02/11/2017,72,79.6,72,74.67,121332
Retailing,Saudi Company for Hardware,05/11/2017,74.67,74.8,72.13,74.12,57222
Retailing,Saudi Company for Hardware,06/11/2017,73.73,73.73,72,73.11,31947
Retailing,Saudi Company for Hardware,07/11/2017,72,72.13,67.33,70.65,130686
Retailing,Saudi Company for Hardware,08/11/2017,69.33,69.33,68,68.63,153477
Retailing,Saudi Company for Hardware,09/11/2017,68.67,68.67,67.33,67.79,171704
Retailing,Saudi Company for Hardware,12/11/2017,66.8,67.87,66.67,67.01,35004
Retailing,Saudi Company for Hardware,13/11/2017,66.67,66.67,66.53,66.67,35207
Retailing,Saudi Company for Hardware,14/11/2017,66.67,67.6,66.67,66.67,30062
Retailing,Saudi Company for Hardware,15/11/2017,66.8,68,66.8,67.6,9012
Retailing,Saudi Company for Hardware,16/11/2017,67.47,68.67,66.67,68.44,29654
Retailing,Saudi Company for Hardware,19/11/2017,68.67,69.33,68.4,68.53,35913
Retailing,Saudi Company for Hardware,20/11/2017,68.4,69.33,66.93,67.87,17376
Retailing,Saudi Company for Hardware,21/11/2017,67.87,68.4,67.87,67.99,17334
Retailing,Saudi Company for Hardware,22/11/2017,68.13,69.6,68.13,69.6,75152
Retailing,Saudi Company for Hardware,23/11/2017,70,71.47,70,70.66,56775
Retailing,Saudi Company for Hardware,26/11/2017,70.67,71.6,70.67,71.33,61551
Retailing,Saudi Company for Hardware,27/11/2017,71.6,73.2,71.6,72.69,65547
Retailing,Saudi Company for Hardware,28/11/2017,73.2,75.2,72.93,74.46,121664
Retailing,Saudi Company for Hardware,29/11/2017,73.47,75.47,73.47,74.91,59591
Retailing,Saudi Company for Hardware,30/11/2017,74.67,75.07,74.67,75.03,24192
Retailing,Saudi Company for Hardware,03/12/2017,75.33,75.6,75.33,75.47,16029
Retailing,Saudi Company for Hardware,04/12/2017,75.47,75.6,75.33,75.6,23439
Retailing,Saudi Company for Hardware,05/12/2017,75.33,75.33,74.53,74.8,25182
Retailing,Saudi Company for Hardware,06/12/2017,74.67,74.67,74.67,74.67,15353
Retailing,Saudi Company for Hardware,07/12/2017,75.33,75.87,75.33,75.72,113690
Retailing,Saudi Company for Hardware,10/12/2017,74.67,75.33,74.53,74.67,24936
Retailing,Saudi Company for Hardware,11/12/2017,75.33,76,74.67,74.67,18249
Retailing,Saudi Company for Hardware,12/12/2017,74.67,75.33,74.67,75.19,20955
Retailing,Saudi Company for Hardware,13/12/2017,73.47,74.67,72,72.15,48917
Retailing,Saudi Company for Hardware,14/12/2017,72.13,73.33,72,71.77,15363
Retailing,Saudi Company for Hardware,17/12/2017,71.33,72,71.33,72,15941
Retailing,Saudi Company for Hardware,18/12/2017,72,72.67,72,73.22,6857
Retailing,Saudi Company for Hardware,19/12/2017,73.33,75.33,73.33,73.85,23243
Retailing,Saudi Company for Hardware,20/12/2017,74.27,74.27,73.07,73.89,22887
Retailing,Saudi Company for Hardware,21/12/2017,74.4,75.47,74.4,75.44,20939
Retailing,Saudi Company for Hardware,24/12/2017,75.33,80,75.33,76,46295
Retailing,Saudi Company for Hardware,25/12/2017,78.8,79.07,75.73,75.35,22532
Retailing,Saudi Company for Hardware,26/12/2017,75.6,77.2,74.67,74.71,28016
Retailing,Saudi Company for Hardware,27/12/2017,74.8,74.8,72.67,73.88,30483
Retailing,Saudi Company for Hardware,28/12/2017,73.47,74,72.67,73.87,18962
Retailing,Saudi Company for Hardware,31/12/2017,74,74,72.8,73.01,4475
Retailing,Saudi Company for Hardware,01/01/2018,74.8,74.8,72,72.13,12618
Retailing,Saudi Company for Hardware,02/01/2018,72.13,72.67,72,72.03,21978
Retailing,Saudi Company for Hardware,03/01/2018,72,72,72,72.35,10017
Retailing,Saudi Company for Hardware,04/01/2018,72,72.13,71.87,71.87,36009
Retailing,Saudi Company for Hardware,07/01/2018,72.13,74,72.13,73.99,19295
Retailing,Saudi Company for Hardware,08/01/2018,73.33,78.67,73.33,74.69,68499
Retailing,Saudi Company for Hardware,09/01/2018,74.67,75.87,74.67,75.76,11235
Retailing,Saudi Company for Hardware,10/01/2018,74.93,76,74.93,74.8,2115
Retailing,Saudi Company for Hardware,11/01/2018,75.33,77.87,75.33,76.79,66635
Retailing,Saudi Company for Hardware,14/01/2018,76.93,76.93,76.67,76.8,10886
Retailing,Saudi Company for Hardware,15/01/2018,76.53,76.8,76.53,76.8,20571
Retailing,Saudi Company for Hardware,16/01/2018,76.8,78.53,76.27,76.67,29313
Retailing,Saudi Company for Hardware,17/01/2018,76.27,76.27,75.2,76.02,66996
Retailing,Saudi Company for Hardware,18/01/2018,75.33,75.6,74.67,75.2,212127
Retailing,Saudi Company for Hardware,21/01/2018,76,76.27,75.87,76.19,170183
Retailing,Saudi Company for Hardware,22/01/2018,76,76.13,76,76,80340
Retailing,Saudi Company for Hardware,23/01/2018,76.53,76.93,75.87,75.87,57573
Retailing,Saudi Company for Hardware,24/01/2018,76,76,74.67,76,14456
Retailing,Saudi Company for Hardware,25/01/2018,76.4,76.8,76.27,76.79,40592
Retailing,Saudi Company for Hardware,28/01/2018,76.8,76.8,76.67,76.67,7160
Retailing,Saudi Company for Hardware,29/01/2018,76.67,76.67,75.73,75.95,101522
Retailing,Saudi Company for Hardware,30/01/2018,75.73,76.53,75.73,76.45,65064
Retailing,Saudi Company for Hardware,31/01/2018,75.87,76,75.6,75.6,52457
Retailing,Saudi Company for Hardware,01/02/2018,75.2,76,75.07,76.04,49533
Retailing,Saudi Company for Hardware,04/02/2018,75.07,76,74.93,76,4688
Retailing,Saudi Company for Hardware,05/02/2018,76,76,75.47,75.87,9968
Retailing,Saudi Company for Hardware,06/02/2018,74.13,75.87,74,74.76,12275
Retailing,Saudi Company for Hardware,07/02/2018,75.2,76,75.2,75.37,4005
Retailing,Saudi Company for Hardware,08/02/2018,74.8,76.4,74.8,75.75,5979
Retailing,Saudi Company for Hardware,11/02/2018,76,76,75.33,75.33,5730
Retailing,Saudi Company for Hardware,12/02/2018,75.47,75.47,75.47,75.47,3246
Retailing,Saudi Company for Hardware,13/02/2018,75.47,76.67,75.47,75.96,107831
Retailing,Saudi Company for Hardware,14/02/2018,75.73,76.13,75.6,76.01,120858
Retailing,Saudi Company for Hardware,15/02/2018,76.13,79.2,76.13,78.61,42078
Retailing,Saudi Company for Hardware,18/02/2018,78.53,81.33,78.53,80.97,64820
Retailing,Saudi Company for Hardware,19/02/2018,80.4,82.53,80.27,81.34,56682
Retailing,Saudi Company for Hardware,20/02/2018,80.67,80.67,78.8,78.98,61611
Retailing,Saudi Company for Hardware,21/02/2018,78.27,79.33,78.27,78.73,48585
Retailing,Saudi Company for Hardware,22/02/2018,78,78.67,78,78.61,51069
Retailing,Saudi Company for Hardware,25/02/2018,78.13,78.13,77.47,76.99,7239
Retailing,Saudi Company for Hardware,26/02/2018,76.67,76.67,76.4,76.51,11831
Retailing,Saudi Company for Hardware,27/02/2018,76.27,76.27,74.53,75.63,41948
Retailing,Saudi Company for Hardware,28/02/2018,75.47,75.47,75.07,75.33,63060
Retailing,Saudi Company for Hardware,01/03/2018,74.67,75.2,74.53,74.63,20066
Retailing,Saudi Company for Hardware,04/03/2018,75.87,80,75.87,79.09,60051
Retailing,Saudi Company for Hardware,05/03/2018,78.67,83.87,78,81.09,279366
Retailing,Saudi Company for Hardware,06/03/2018,81.6,84,81.6,83.19,126824
Retailing,Saudi Company for Hardware,07/03/2018,82.93,83.07,82,82.24,17571
Retailing,Saudi Company for Hardware,08/03/2018,82.27,82.67,81.2,82.13,95384
Retailing,Saudi Company for Hardware,11/03/2018,82,82,79.33,80.56,34865
Retailing,Saudi Company for Hardware,12/03/2018,79.87,79.87,79.2,79.33,16032
Retailing,Saudi Company for Hardware,13/03/2018,79.2,81.2,79.07,80.25,147173
Retailing,Saudi Company for Hardware,14/03/2018,80,80.4,79.87,80.06,16511
Retailing,Saudi Company for Hardware,15/03/2018,80,81.33,79.6,80.53,24282
Retailing,Saudi Company for Hardware,18/03/2018,81.33,81.73,81.33,81.61,18765
Retailing,Saudi Company for Hardware,19/03/2018,81.73,81.73,81.2,81.33,17178
Retailing,Saudi Company for Hardware,20/03/2018,80.8,80.8,79.6,80.76,43736
Retailing,Saudi Company for Hardware,21/03/2018,80.8,88.8,80.8,88.8,99389
Retailing,Saudi Company for Hardware,22/03/2018,93.07,94.67,86.67,87.34,202565
Retailing,Saudi Company for Hardware,25/03/2018,86.67,91.47,84.53,87.51,227592
Retailing,Saudi Company for Hardware,26/03/2018,87.47,88.4,85.47,85.8,118104
Retailing,Saudi Company for Hardware,27/03/2018,85.47,89.47,84.53,88.38,168132
Retailing,Saudi Company for Hardware,28/03/2018,87.07,89.87,86.67,88,40070
Retailing,Saudi Company for Hardware,29/03/2018,87.33,89.47,86.67,87.97,37449
Retailing,Saudi Company for Hardware,01/04/2018,87.33,87.33,84.13,85.56,51780
Retailing,Saudi Company for Hardware,02/04/2018,85.2,86,83.6,85.61,51279
Retailing,Saudi Company for Hardware,03/04/2018,86.4,86.8,85.07,85.21,48396
Retailing,Saudi Company for Hardware,04/04/2018,86.4,86.4,83.87,84.1,74811
Retailing,Saudi Company for Hardware,05/04/2018,84,85.73,84,85.29,80522
Retailing,Saudi Company for Hardware,08/04/2018,85.33,86,85.07,85.49,44085
Retailing,Saudi Company for Hardware,09/04/2018,84.93,84.93,83.33,84.03,113234
Retailing,Saudi Company for Hardware,10/04/2018,84.53,85.6,84,84.65,84308
Retailing,Saudi Company for Hardware,11/04/2018,84.67,84.67,83.87,83.93,34218
Retailing,Saudi Company for Hardware,12/04/2018,83.87,84.53,83.33,83.89,49758
Retailing,Saudi Company for Hardware,15/04/2018,84,87.47,84,85.14,74192
Retailing,Saudi Company for Hardware,16/04/2018,85.6,89.6,85.6,87.71,85257
Retailing,Saudi Company for Hardware,17/04/2018,86.67,89.87,86.67,87.69,63980
Retailing,Saudi Company for Hardware,18/04/2018,88,88.4,87.6,87.99,28280
Retailing,Saudi Company for Hardware,19/04/2018,87.73,89.33,87.07,89.05,65787
Retailing,Saudi Company for Hardware,22/04/2018,89.33,89.33,87.33,87.99,9929
Retailing,Saudi Company for Hardware,23/04/2018,96.27,96.27,90.4,90.72,106605
Retailing,Saudi Company for Hardware,24/04/2018,90.8,90.8,89.07,89.05,17343
Retailing,Saudi Company for Hardware,25/04/2018,87.47,88.67,87.33,87.87,15476
Retailing,Saudi Company for Hardware,26/04/2018,87.87,87.87,86.67,87.96,23385
Retailing,Saudi Company for Hardware,29/04/2018,88.93,88.93,86.93,88.39,7715
Retailing,Saudi Company for Hardware,30/04/2018,87.87,87.87,87.07,87.34,9746
Retailing,Saudi Company for Hardware,01/05/2018,87.07,87.47,86.8,87.13,12678
Retailing,Saudi Company for Hardware,02/05/2018,86.8,86.8,85.33,85.37,12294
Retailing,Saudi Company for Hardware,03/05/2018,86,86,84.13,84.43,14034
Retailing,Saudi Company for Hardware,06/05/2018,85.2,85.2,82,82.11,43199
Retailing,Saudi Company for Hardware,07/05/2018,81.47,84.67,81.07,84.15,55401
Retailing,Saudi Company for Hardware,08/05/2018,84.13,84.13,82.8,82.99,9411
Retailing,Saudi Company for Hardware,09/05/2018,83.07,83.07,82,82.59,29898
Retailing,Saudi Company for Hardware,10/05/2018,79.87,79.87,74.4,75.81,483425
Retailing,Saudi Company for Hardware,13/05/2018,75.33,75.33,72.27,73.75,155631
Retailing,Saudi Company for Hardware,14/05/2018,73.33,75.33,70.4,74.16,131310
Retailing,Saudi Company for Hardware,15/05/2018,74.53,77.33,73.07,76.27,88253
Retailing,Saudi Company for Hardware,16/05/2018,77.07,83.33,76,80.77,157397
Retailing,Saudi Company for Hardware,17/05/2018,80.27,81.6,78.67,80.5,80447
Retailing,Saudi Company for Hardware,20/05/2018,79.07,79.87,78.93,79.05,171440
Retailing,Saudi Company for Hardware,21/05/2018,77.6,79.33,77.6,78.27,48338
Retailing,Saudi Company for Hardware,22/05/2018,78,78,76.8,77.37,12548
Retailing,Saudi Company for Hardware,23/05/2018,76.13,77.2,74.93,76.92,36036
Retailing,Saudi Company for Hardware,24/05/2018,76.93,77.6,76.13,76.81,60729
Retailing,Saudi Company for Hardware,27/05/2018,77.33,77.33,75.33,75.33,22416
Retailing,Saudi Company for Hardware,28/05/2018,74.67,75.73,74,75.73,60425
Retailing,Saudi Company for Hardware,29/05/2018,75.2,76,75.2,76,18174
Retailing,Saudi Company for Hardware,30/05/2018,74.93,77.33,74.93,76.27,21416
Retailing,Saudi Company for Hardware,31/05/2018,75.07,76.4,74.93,76.4,48240
Retailing,Saudi Company for Hardware,03/06/2018,77.33,79.87,77.33,78.67,90477
Retailing,Saudi Company for Hardware,04/06/2018,78.67,79.6,77.47,78,112505
Retailing,Saudi Company for Hardware,05/06/2018,78,79.07,78,78.53,22928
Retailing,Saudi Company for Hardware,06/06/2018,77.6,78.27,77.33,78.27,67050
Retailing,Saudi Company for Hardware,07/06/2018,78.53,78.67,76.53,78.67,49092
Retailing,Saudi Company for Hardware,10/06/2018,78.13,78.27,78.13,78.13,4587
Retailing,Saudi Company for Hardware,11/06/2018,78.13,78.13,77.47,77.47,1473
Retailing,Saudi Company for Hardware,12/06/2018,78.67,80.67,77.33,80.67,96587
Retailing,Saudi Company for Hardware,20/06/2018,81.33,81.33,78.27,78.67,18936
Retailing,Saudi Company for Hardware,21/06/2018,79.07,79.07,78.13,78.13,12219
Retailing,Saudi Company for Hardware,24/06/2018,78.93,79.2,78.67,78.93,45119
Retailing,Saudi Company for Hardware,25/06/2018,78.8,79.07,77.87,77.87,14882
Retailing,Saudi Company for Hardware,26/06/2018,76.93,77.6,76.93,77.33,7424
Retailing,Saudi Company for Hardware,27/06/2018,77.33,78,77.33,77.33,22875
Retailing,Saudi Company for Hardware,28/06/2018,77.6,77.6,76.27,76.8,143864
Retailing,Saudi Company for Hardware,01/07/2018,76.13,77.2,76.13,76.4,245325
Retailing,Saudi Company for Hardware,02/07/2018,76.67,76.67,75.87,75.87,7532
Retailing,Saudi Company for Hardware,03/07/2018,75.87,76.67,75.2,75.33,26715
Retailing,Saudi Company for Hardware,04/07/2018,75.73,75.73,75.47,75.47,3458
Retailing,Saudi Company for Hardware,05/07/2018,76,76.13,76,76,29864
Retailing,Saudi Company for Hardware,08/07/2018,75.33,76,75.33,75.33,119571
Retailing,Saudi Company for Hardware,09/07/2018,75.33,75.33,74,74.27,46602
Retailing,Saudi Company for Hardware,10/07/2018,74.53,74.53,74.27,74.4,9618
Retailing,Saudi Company for Hardware,11/07/2018,74.53,74.53,73.73,74.4,13230
Retailing,Saudi Company for Hardware,12/07/2018,74.4,74.4,73.87,74,53384
Retailing,Saudi Company for Hardware,15/07/2018,74.53,78.13,74.53,75.87,57393
Retailing,Saudi Company for Hardware,16/07/2018,76,76,74,75.33,21425
Retailing,Saudi Company for Hardware,17/07/2018,74.4,74.93,74.4,74.4,5412
Retailing,Saudi Company for Hardware,18/07/2018,74.13,74.13,73.6,74,21021
Retailing,Saudi Company for Hardware,19/07/2018,73.6,73.87,73.47,73.87,14286
Retailing,Saudi Company for Hardware,22/07/2018,74,74,73.07,73.07,16616
Retailing,Saudi Company for Hardware,23/07/2018,73.33,73.33,71.33,71.33,19527
Retailing,Saudi Company for Hardware,24/07/2018,66.8,67.33,64.2,64.2,134052
Retailing,Saudi Company for Hardware,25/07/2018,57.8,57.8,57.8,57.8,77837
Retailing,Saudi Company for Hardware,26/07/2018,53.4,56.67,53.33,54.33,1646666
Retailing,Saudi Company for Hardware,29/07/2018,54.47,55.2,53.47,54.07,539225
Retailing,Saudi Company for Hardware,30/07/2018,53.67,53.73,51.87,52,783033
Retailing,Saudi Company for Hardware,31/07/2018,52.07,53.07,51.13,51.4,264687
Retailing,Saudi Company for Hardware,01/08/2018,51.53,51.93,50.53,50.67,150776
Retailing,Saudi Company for Hardware,02/08/2018,50.53,51.27,49.6,49.93,143768
Retailing,Saudi Company for Hardware,05/08/2018,50,50.27,49.67,49.8,132488
Retailing,Saudi Company for Hardware,06/08/2018,50,54.73,49.73,54.73,722651
Retailing,Saudi Company for Hardware,07/08/2018,55.47,55.87,53.13,53.4,462737
Retailing,Saudi Company for Hardware,08/08/2018,53.33,54,52.53,52.67,190694
Retailing,Saudi Company for Hardware,09/08/2018,52.4,52.73,52,52.07,54167
Retailing,Saudi Company for Hardware,12/08/2018,52.07,55.33,51.33,54.33,530621
Retailing,Saudi Company for Hardware,13/08/2018,54.27,54.27,51,51.27,264666
Retailing,Saudi Company for Hardware,14/08/2018,51.53,52.13,50.87,51.13,113138
Retailing,Saudi Company for Hardware,15/08/2018,51.33,51.6,50.8,50.87,95447
Retailing,Saudi Company for Hardware,16/08/2018,50.93,52.33,50.67,52,238526
Retailing,Saudi Company for Hardware,26/08/2018,52,55.4,52,53.07,308709
Retailing,Saudi Company for Hardware,27/08/2018,53.13,53.67,52.07,52.2,122459
Retailing,Saudi Company for Hardware,28/08/2018,52.47,53,51.53,51.8,194847
Retailing,Saudi Company for Hardware,29/08/2018,51.93,52,50.73,50.87,145488
Retailing,Saudi Company for Hardware,30/08/2018,50.93,51.33,50.2,51.33,119291
Retailing,Saudi Company for Hardware,02/09/2018,51.53,51.6,50.67,50.87,72012
Retailing,Saudi Company for Hardware,03/09/2018,51,51,50.2,50.47,84681
Retailing,Saudi Company for Hardware,04/09/2018,50.47,51.13,50.47,50.47,144449
Retailing,Saudi Company for Hardware,05/09/2018,50.2,50.2,48.33,48.67,257358
Retailing,Saudi Company for Hardware,06/09/2018,48.67,48.8,46.67,47.53,248393
Retailing,Saudi Company for Hardware,09/09/2018,47.6,49,47.33,48.33,174480
Retailing,Saudi Company for Hardware,10/09/2018,48,48.87,48,48,158808
Retailing,Saudi Company for Hardware,11/09/2018,47.67,48.47,47.6,48.33,47621
Retailing,Saudi Company for Hardware,12/09/2018,48.53,49.13,46.6,47.33,139658
Retailing,Saudi Company for Hardware,13/09/2018,47.13,47.13,45.87,45.87,190154
Retailing,Saudi Company for Hardware,16/09/2018,45.73,45.73,44,44.33,305835
Retailing,Saudi Company for Hardware,17/09/2018,44,46.07,44,45.27,150674
Retailing,Saudi Company for Hardware,18/09/2018,46.47,48.33,45.67,47.33,251454
Retailing,Saudi Company for Hardware,19/09/2018,47.33,47.67,47,47.07,80105
Retailing,Saudi Company for Hardware,20/09/2018,47,47.2,46,46.27,68933
Retailing,Saudi Company for Hardware,25/09/2018,46.2,47.6,46.2,47.4,135260
Retailing,Saudi Company for Hardware,26/09/2018,47.47,50,47.47,49.53,305280
Retailing,Saudi Company for Hardware,27/09/2018,49.53,52.6,49.53,51.4,357821
Retailing,Saudi Company for Hardware,30/09/2018,51.53,52.33,51.53,51.93,116592
Retailing,Saudi Company for Hardware,01/10/2018,51.33,51.93,50.87,50.93,113939
Retailing,Saudi Company for Hardware,02/10/2018,51.33,51.33,49.8,50,79769
Retailing,Saudi Company for Hardware,03/10/2018,50.07,50.67,49.67,50,94259
Retailing,Saudi Company for Hardware,04/10/2018,50.4,50.4,49.73,50,82407
Retailing,Saudi Company for Hardware,07/10/2018,50.07,50.07,49.33,49.33,100661
Retailing,Saudi Company for Hardware,08/10/2018,49.33,50.07,49.33,49.53,210491
Retailing,Saudi Company for Hardware,09/10/2018,49.33,49.53,49.33,49.33,70010
Retailing,Saudi Company for Hardware,10/10/2018,49.53,51.27,49.47,50.6,80141
Retailing,Saudi Company for Hardware,11/10/2018,50.47,50.47,49.33,49.53,175286
Retailing,Saudi Company for Hardware,14/10/2018,50,50,44.6,45.87,217350
Retailing,Saudi Company for Hardware,15/10/2018,46.93,47.6,45.87,46.67,137439
Retailing,Saudi Company for Hardware,16/10/2018,45.6,47.27,45,47,84974
Retailing,Saudi Company for Hardware,17/10/2018,47.33,47.47,46.67,47.27,44028
Retailing,Saudi Company for Hardware,18/10/2018,47.27,47.6,46.67,47.33,33572
Retailing,Saudi Company for Hardware,21/10/2018,46.67,47.33,45.67,47.2,26670
Retailing,Saudi Company for Hardware,22/10/2018,47.2,47.2,46.33,46.4,47810
Retailing,Saudi Company for Hardware,23/10/2018,46.73,48,46.67,47.47,69534
Retailing,Saudi Company for Hardware,24/10/2018,49.33,52.2,49.33,52.2,209573
Retailing,Saudi Company for Hardware,25/10/2018,57.4,57.4,56.67,57.4,342567
Retailing,Saudi Company for Hardware,28/10/2018,63.13,63.13,57.67,58.67,914682
Retailing,Saudi Company for Hardware,29/10/2018,58.27,58.33,57,57.07,277305
Retailing,Saudi Company for Hardware,30/10/2018,56.67,59.53,56.67,57.67,267651
Retailing,Saudi Company for Hardware,31/10/2018,57.67,57.87,56.67,57.27,394284
Retailing,Saudi Company for Hardware,01/11/2018,57.2,57.6,56.8,57,260751
Retailing,Saudi Company for Hardware,04/11/2018,57.47,57.93,57,57,124970
Retailing,Saudi Company for Hardware,05/11/2018,57.33,57.33,56.47,56.67,165459
Retailing,Saudi Company for Hardware,06/11/2018,56.33,56.87,56.13,56.27,35571
Retailing,Saudi Company for Hardware,07/11/2018,56.07,56.27,55.73,56,45315
Retailing,Saudi Company for Hardware,08/11/2018,56,56.13,55.73,56.13,22680
Retailing,Saudi Company for Hardware,11/11/2018,55.53,56,55.33,55.53,40581
Retailing,Saudi Company for Hardware,12/11/2018,55.8,60.33,55.8,58.8,423573
Retailing,Saudi Company for Hardware,13/11/2018,58.8,58.8,57.33,58.07,103959
Retailing,Saudi Company for Hardware,14/11/2018,57.33,57.87,56.73,57.2,59208
Retailing,Saudi Company for Hardware,15/11/2018,57.4,59.73,57.4,57.67,64752
Retailing,Saudi Company for Hardware,18/11/2018,57.67,57.67,56.67,56.8,40967
Retailing,Saudi Company for Hardware,19/11/2018,56.73,58.27,56.73,57.47,77528
Retailing,Saudi Company for Hardware,20/11/2018,57.33,58,57.27,57.33,49664
Retailing,Saudi Company for Hardware,21/11/2018,57.93,62,57.33,60.73,363473
Retailing,Saudi Company for Hardware,22/11/2018,60.67,60.73,59.47,59.67,147186
Retailing,Saudi Company for Hardware,25/11/2018,59.4,59.53,58.67,58.8,109887
Retailing,Saudi Company for Hardware,26/11/2018,58.73,59.6,58.07,59.6,61218
Retailing,Saudi Company for Hardware,27/11/2018,59.67,61.87,59.53,61.27,186426
Retailing,Saudi Company for Hardware,28/11/2018,60.67,62.8,60.67,62.8,169613
Retailing,Saudi Company for Hardware,29/11/2018,62.53,66.6,62.33,65.13,307050
Retailing,Saudi Company for Hardware,02/12/2018,65.13,71.07,64.93,69.87,486705
Retailing,Saudi Company for Hardware,03/12/2018,70.67,72.13,68,69.2,198812
Retailing,Saudi Company for Hardware,04/12/2018,69.2,70.67,68.13,68.67,145790
Retailing,Saudi Company for Hardware,05/12/2018,68,68.13,65.67,66,333915
Retailing,Saudi Company for Hardware,06/12/2018,66,67.33,64.87,65.53,213467
Retailing,Saudi Company for Hardware,09/12/2018,66.67,67.33,66,66.33,92444
Retailing,Saudi Company for Hardware,10/12/2018,66.33,68.53,66,68.27,196208
Retailing,Saudi Company for Hardware,11/12/2018,68.67,69.33,68.27,68.67,181166
Retailing,Saudi Company for Hardware,12/12/2018,69.07,69.07,67.6,68.27,93477
Retailing,Saudi Company for Hardware,13/12/2018,67.87,68.8,66.4,66.4,122171
Retailing,Saudi Company for Hardware,16/12/2018,66.07,72.67,65.87,69.73,708558
Retailing,Saudi Company for Hardware,17/12/2018,70.53,72,68.67,70,336368
Retailing,Saudi Company for Hardware,18/12/2018,73.9,77,73,74.4,551774
Retailing,Saudi Company for Hardware,19/12/2018,74.4,74.9,71.5,72,202076
Retailing,Saudi Company for Hardware,20/12/2018,70,70.5,66.7,67,423941
Retailing,Saudi Company for Hardware,23/12/2018,63.4,65.7,63.4,65,117371
Retailing,Saudi Company for Hardware,24/12/2018,65.4,67,65,65.7,221972
Retailing,Saudi Company for Hardware,25/12/2018,65,65,63,63.4,215058
Retailing,Saudi Company for Hardware,26/12/2018,63.5,65.5,63.4,65.5,239386
Retailing,Saudi Company for Hardware,27/12/2018,65.8,66.2,65.3,65.8,113033
Retailing,Saudi Company for Hardware,30/12/2018,66,66.1,65.5,66,67652
Retailing,Saudi Company for Hardware,31/12/2018,66.3,67,66,66.2,58654
Retailing,Saudi Company for Hardware,01/01/2019,66,66,65.1,65.4,37039
Retailing,Saudi Company for Hardware,02/01/2019,65.2,65.3,64.5,64.8,137652
Retailing,Saudi Company for Hardware,03/01/2019,65.4,65.4,63.8,64,108779
Retailing,Saudi Company for Hardware,06/01/2019,64.3,64.3,63.8,64.2,58032
Retailing,Saudi Company for Hardware,07/01/2019,63.8,64.2,63.2,63.6,119462
Retailing,Saudi Company for Hardware,08/01/2019,63.7,65.5,63.2,65.1,158679
Retailing,Saudi Company for Hardware,09/01/2019,65.1,65.5,64.1,65.4,80841
Retailing,Saudi Company for Hardware,10/01/2019,64.8,65.4,64.5,64.5,63326
Retailing,Saudi Company for Hardware,13/01/2019,64.5,64.8,64.4,64.7,39050
Retailing,Saudi Company for Hardware,14/01/2019,64.4,64.6,64,64.5,66509
Retailing,Saudi Company for Hardware,15/01/2019,64.2,68.1,63.9,67.5,373735
Retailing,Saudi Company for Hardware,16/01/2019,68,68.9,67.7,68.2,150871
Retailing,Saudi Company for Hardware,17/01/2019,68.1,68.8,67,67.3,73563
Retailing,Saudi Company for Hardware,20/01/2019,67.3,67.3,66.3,66.6,27367
Retailing,Saudi Company for Hardware,21/01/2019,66.6,66.6,65.7,66,26213
Retailing,Saudi Company for Hardware,22/01/2019,66,67.9,65.9,66.5,78688
Retailing,Saudi Company for Hardware,23/01/2019,66.9,67.6,66.7,67,81683
Retailing,Saudi Company for Hardware,24/01/2019,67.6,68.2,67,68.2,61540
Retailing,Saudi Company for Hardware,27/01/2019,68,68.5,67.3,67.8,35181
Retailing,Saudi Company for Hardware,28/01/2019,67.5,68.3,66.6,67.4,157183
Retailing,Saudi Company for Hardware,29/01/2019,67.5,67.6,67,67,23205
Retailing,Saudi Company for Hardware,30/01/2019,67.5,67.5,67,67.3,30858
Retailing,Saudi Company for Hardware,31/01/2019,67.1,67.1,66.5,66.5,21595
Retailing,Saudi Company for Hardware,03/02/2019,66,67,66,66.7,23821
Retailing,Saudi Company for Hardware,04/02/2019,66.7,67.2,66.5,66.5,36062
Retailing,Saudi Company for Hardware,05/02/2019,66.5,66.8,66.4,66.7,20718
Retailing,Saudi Company for Hardware,06/02/2019,66.5,67,66.5,66.7,27077
Retailing,Saudi Company for Hardware,07/02/2019,66.7,68.3,66.7,67.8,158309
Retailing,Saudi Company for Hardware,10/02/2019,67.7,68.4,67,67.1,45567
Retailing,Saudi Company for Hardware,11/02/2019,67.4,67.4,66.4,66.4,40265
Retailing,Saudi Company for Hardware,12/02/2019,66.7,66.9,66.3,66.4,50423
Retailing,Saudi Company for Hardware,13/02/2019,66.7,67.8,66.3,66.9,87438
Retailing,Saudi Company for Hardware,14/02/2019,66.6,67.1,66.6,67.1,23678
Retailing,Saudi Company for Hardware,17/02/2019,66.9,67,66.6,66.9,21839
Retailing,Saudi Company for Hardware,18/02/2019,66.7,66.9,66.1,66.2,30740
Retailing,Saudi Company for Hardware,19/02/2019,66.1,66.5,65.9,66.4,15125
Retailing,Saudi Company for Hardware,20/02/2019,66.3,67,66.3,66.8,19798
Retailing,Saudi Company for Hardware,21/02/2019,66.7,66.7,66.2,66.2,14029
Retailing,Saudi Company for Hardware,24/02/2019,66.5,66.5,66.2,66.3,8541
Retailing,Saudi Company for Hardware,25/02/2019,66.2,66.2,65.1,65.1,47143
Retailing,Saudi Company for Hardware,26/02/2019,65,66.7,65,66.1,41483
Retailing,Saudi Company for Hardware,27/02/2019,66.6,68,66.6,67.3,138358
Retailing,Saudi Company for Hardware,28/02/2019,67.5,71.9,66.3,69.6,425827
Retailing,Saudi Company for Hardware,03/03/2019,69.7,70.8,69.3,69.5,100742
Retailing,Saudi Company for Hardware,04/03/2019,69.5,69.5,68,68.7,60915
Retailing,Saudi Company for Hardware,05/03/2019,68.5,69.1,68.3,68.9,25530
Retailing,Saudi Company for Hardware,06/03/2019,68.6,68.7,68,68.7,13366
Retailing,Saudi Company for Hardware,07/03/2019,68.5,69.3,68.5,68.6,40342
Retailing,Saudi Company for Hardware,10/03/2019,68.3,72,68.3,70,194145
Retailing,Saudi Company for Hardware,11/03/2019,70,70,68,69.5,57033
Retailing,Saudi Company for Hardware,12/03/2019,69.5,69.6,69,69.4,70381
Retailing,Saudi Company for Hardware,13/03/2019,69.4,71.5,69.4,71.3,107364
Retailing,Saudi Company for Hardware,14/03/2019,70.5,72.8,70.4,72.5,107961
Retailing,Saudi Company for Hardware,17/03/2019,72.6,73.8,72.5,73,76396
Retailing,Saudi Company for Hardware,18/03/2019,73,73.2,72,73.2,68474
Retailing,Saudi Company for Hardware,19/03/2019,73,73.2,72.5,72.5,41020
Retailing,Saudi Company for Hardware,20/03/2019,72.1,73,72.1,73,13013
Retailing,Saudi Company for Hardware,21/03/2019,72.2,73.1,72.2,73.1,63750
Retailing,Saudi Company for Hardware,24/03/2019,73,73,71.9,72,78337
Retailing,Saudi Company for Hardware,25/03/2019,71.7,71.8,71,71.8,30635
Retailing,Saudi Company for Hardware,26/03/2019,71,72.5,71,72,55998
Retailing,Saudi Company for Hardware,27/03/2019,72,73.4,71.4,73.4,40886
Retailing,Saudi Company for Hardware,28/03/2019,72.9,73.1,72.7,73,22840
Retailing,Saudi Company for Hardware,31/03/2019,72.8,72.8,72.1,72.6,15551
Retailing,Saudi Company for Hardware,01/04/2019,72.7,73.5,72.7,73.4,67378
Retailing,Saudi Company for Hardware,02/04/2019,73.4,73.7,72.5,73.5,71129
Retailing,Saudi Company for Hardware,03/04/2019,73.7,73.9,72.5,73,48719
Retailing,Saudi Company for Hardware,04/04/2019,72.6,73.1,72,72.6,47707
Retailing,Saudi Company for Hardware,07/04/2019,73,73,72.3,72.5,8787
Retailing,Saudi Company for Hardware,08/04/2019,72,72,71.5,71.9,21661
Retailing,Saudi Company for Hardware,09/04/2019,72,76,71.9,73.6,162626
Retailing,Saudi Company for Hardware,10/04/2019,73.7,78.9,73.7,77.5,240788
Retailing,Saudi Company for Hardware,11/04/2019,77.5,83.5,76.6,80.7,304560
Retailing,Saudi Company for Hardware,14/04/2019,80.9,80.9,79.7,79.8,57828
Retailing,Saudi Company for Hardware,15/04/2019,79.8,81.9,79.6,80,131109
Retailing,Saudi Company for Hardware,16/04/2019,80,80,78.6,78.8,120854
Retailing,Saudi Company for Hardware,17/04/2019,78.6,78.6,78,78.3,45337
Retailing,Saudi Company for Hardware,18/04/2019,78.3,79,77.5,78.4,133136
Retailing,Saudi Company for Hardware,21/04/2019,77.4,78,76.8,76.8,46241
Retailing,Saudi Company for Hardware,22/04/2019,76.5,77.8,76.5,77.2,40222
Retailing,Saudi Company for Hardware,23/04/2019,77.7,78.6,77.6,78.6,78774
Retailing,Saudi Company for Hardware,24/04/2019,79.2,79.9,78.2,78.9,185156
Retailing,Saudi Company for Hardware,25/04/2019,78.9,79.2,78,78.6,56786
Retailing,Saudi Company for Hardware,28/04/2019,78.7,78.7,77.8,77.8,45527
Retailing,Saudi Company for Hardware,29/04/2019,77.9,78.7,77.5,78.4,78134
Retailing,Saudi Company for Hardware,30/04/2019,77.7,78.4,76.6,78.2,33158
Retailing,Saudi Company for Hardware,01/05/2019,79.5,79.5,75.7,76.5,172584
Retailing,Saudi Company for Hardware,02/05/2019,76.5,76.5,71.1,72.3,351274
Retailing,Saudi Company for Hardware,05/05/2019,72.5,73.6,70.2,71,200194
Retailing,Saudi Company for Hardware,06/05/2019,70.9,71.3,69.4,71.2,163549
Retailing,Saudi Company for Hardware,07/05/2019,71.4,72.5,71,71.3,183683
Retailing,Saudi Company for Hardware,08/05/2019,71.1,71.3,70.2,70.6,125368
Retailing,Saudi Company for Hardware,09/05/2019,70.6,70.6,67.3,68,215308
Retailing,Saudi Company for Hardware,12/05/2019,67.7,67.7,65.6,66.8,106821
Retailing,Saudi Company for Hardware,13/05/2019,66.6,68.7,64,67.3,208291
Retailing,Saudi Company for Hardware,14/05/2019,68,70.9,67.3,68.8,339304
Retailing,Saudi Company for Hardware,15/05/2019,70,70,68.5,69.4,236990
Retailing,Saudi Company for Hardware,16/05/2019,69.4,69.4,68.5,68.6,70183
Retailing,Saudi Company for Hardware,19/05/2019,67.2,68.5,67,67.2,60609
Retailing,Saudi Company for Hardware,20/05/2019,67,67,65.1,65.8,52077
Retailing,Saudi Company for Hardware,21/05/2019,66.2,66.8,65.1,65.3,87255
Retailing,Saudi Company for Hardware,22/05/2019,65.7,66.5,65.2,66.5,121725
Retailing,Saudi Company for Hardware,23/05/2019,66.2,66.5,64.5,64.7,58118
Retailing,Saudi Company for Hardware,26/05/2019,64.8,64.8,62,63.9,120335
Retailing,Saudi Company for Hardware,27/05/2019,64.3,65.2,62.4,65,76296
Retailing,Saudi Company for Hardware,28/05/2019,65,66.5,64.3,66.5,146650
Retailing,Saudi Company for Hardware,29/05/2019,65.1,66,63,63,149653
Retailing,Saudi Company for Hardware,30/05/2019,63,63.9,62.4,62.5,167763
Retailing,Saudi Company for Hardware,09/06/2019,62.5,63.3,61.6,61.6,290213
Retailing,Saudi Company for Hardware,10/06/2019,61.5,62.4,61.4,62.2,682094
Retailing,Saudi Company for Hardware,11/06/2019,62.4,63.7,62.4,63.4,639799
Retailing,Saudi Company for Hardware,12/06/2019,63.6,66.4,63.3,66.1,557290
Retailing,Saudi Company for Hardware,13/06/2019,66.4,66.6,64.5,64.7,425997
Retailing,Saudi Company for Hardware,16/06/2019,64.8,65.9,64.7,65.5,143130
Retailing,Saudi Company for Hardware,17/06/2019,65.5,68.5,65.5,67.5,302384
Retailing,Saudi Company for Hardware,18/06/2019,67.6,68.5,67.2,68.3,181273
Retailing,Saudi Company for Hardware,19/06/2019,68.3,69.5,67.8,68.2,186590
Retailing,Saudi Company for Hardware,20/06/2019,68,68,66.7,67,108211
Retailing,Saudi Company for Hardware,23/06/2019,67,67.5,66.7,66.7,38001
Retailing,Saudi Company for Hardware,24/06/2019,67,68.4,66.1,67.3,77902
Retailing,Saudi Company for Hardware,25/06/2019,67.3,68,66.8,68,59535
Retailing,Saudi Company for Hardware,26/06/2019,68.1,68.4,67.6,68,111273
Retailing,Saudi Company for Hardware,27/06/2019,67.8,68.4,67.7,67.9,49306
Retailing,Saudi Company for Hardware,30/06/2019,67.8,68.8,67.8,68,35837
Retailing,Saudi Company for Hardware,01/07/2019,68.1,68.6,67.7,68,71051
Retailing,Saudi Company for Hardware,02/07/2019,68,68.4,67.8,68,43901
Retailing,Saudi Company for Hardware,03/07/2019,67.8,68.3,67.8,68,38784
Retailing,Saudi Company for Hardware,04/07/2019,67.8,68.3,67.8,67.8,37174
Retailing,Saudi Company for Hardware,07/07/2019,68,68.1,67.8,67.8,34896
Retailing,Saudi Company for Hardware,08/07/2019,67.7,67.9,67.3,67.9,24347
Retailing,Saudi Company for Hardware,09/07/2019,68,68.6,67.9,68,90169
Retailing,Saudi Company for Hardware,10/07/2019,68.1,70,68,70,233589
Retailing,Saudi Company for Hardware,11/07/2019,70,71.9,69.9,70.8,243120
Retailing,Saudi Company for Hardware,14/07/2019,71.2,72.8,70.6,72.5,230609
Retailing,Saudi Company for Hardware,15/07/2019,72.1,72.2,71.3,71.7,114741
Retailing,Saudi Company for Hardware,16/07/2019,71.8,72.6,71.2,72.6,152864
Retailing,Saudi Company for Hardware,17/07/2019,72.5,74,71.9,74,180177
Retailing,Saudi Company for Hardware,18/07/2019,73.8,73.9,73,73,41238
Retailing,Saudi Company for Hardware,21/07/2019,72,72.5,70.9,71.8,51909
Retailing,Saudi Company for Hardware,22/07/2019,71.3,71.9,70.4,70.5,141712
Retailing,Saudi Company for Hardware,23/07/2019,70.2,70.4,68.5,68.8,180347
Retailing,Saudi Company for Hardware,24/07/2019,68,68.3,66,66,469174
Retailing,Saudi Company for Hardware,25/07/2019,66,67.3,65.9,66.5,280394
Retailing,Saudi Company for Hardware,28/07/2019,66.5,67.5,66.5,67.2,127124
Retailing,Saudi Company for Hardware,29/07/2019,67.3,67.4,64.5,65,247242
Retailing,Saudi Company for Hardware,30/07/2019,64.6,66.2,64.1,64.9,314704
Retailing,Saudi Company for Hardware,31/07/2019,65.2,65.2,64.6,65,92625
Retailing,Saudi Company for Hardware,01/08/2019,64.4,65,64.4,64.9,67163
Retailing,Saudi Company for Hardware,04/08/2019,64.5,65.1,64.4,65.1,54612
Retailing,Saudi Company for Hardware,05/08/2019,65,65,64.1,64.4,144153
Retailing,Saudi Company for Hardware,06/08/2019,63.7,64,62.9,63.5,166583
Retailing,Saudi Company for Hardware,07/08/2019,63.9,63.9,63,63.1,125977
Retailing,Saudi Company for Hardware,08/08/2019,63,64.1,62.7,62.9,242661
Retailing,Saudi Company for Hardware,18/08/2019,62.9,63.8,62.9,63.6,50321
Retailing,Saudi Company for Hardware,19/08/2019,63.8,65.4,63.8,65.1,170356
Retailing,Saudi Company for Hardware,20/08/2019,65.2,66.1,65,65.2,209895
Retailing,Saudi Company for Hardware,21/08/2019,65.6,65.7,64.7,64.9,67757
Retailing,Saudi Company for Hardware,22/08/2019,65.1,65.2,64.2,64.6,46928
Retailing,Saudi Company for Hardware,25/08/2019,64.1,64.3,63,64,67589
Retailing,Saudi Company for Hardware,26/08/2019,63.2,63.8,62.3,63.5,132111
Retailing,Saudi Company for Hardware,27/08/2019,63.8,63.8,62.4,63.4,303697
Retailing,Saudi Company for Hardware,28/08/2019,63.4,64.7,63.3,63.9,206628
Retailing,Saudi Company for Hardware,29/08/2019,63.6,64.1,62.4,63.2,225864
Retailing,Saudi Company for Hardware,01/09/2019,62.3,62.6,61.2,61.3,128337
Retailing,Saudi Company for Hardware,02/09/2019,61.5,61.5,59.9,60.4,237205
Retailing,Saudi Company for Hardware,03/09/2019,60.6,60.6,59.3,59.6,212499
Retailing,Saudi Company for Hardware,04/09/2019,59.6,60.5,59.5,60.5,183513
Retailing,Saudi Company for Hardware,05/09/2019,60.5,60.9,59.9,60.5,157358
Retailing,Saudi Company for Hardware,08/09/2019,61,61,60.1,60.4,137096
Retailing,Saudi Company for Hardware,09/09/2019,60.1,60.1,59.7,59.7,84074
Retailing,Saudi Company for Hardware,10/09/2019,59.7,59.7,57.7,59.1,304883
Retailing,Saudi Company for Hardware,11/09/2019,59.4,60.4,57.2,60,195391
Retailing,Saudi Company for Hardware,12/09/2019,59.6,60.7,59,60.4,98031
Retailing,Saudi Company for Hardware,15/09/2019,58.2,60.2,58.2,59.9,65316
Retailing,Saudi Company for Hardware,16/09/2019,60.2,60.2,58.9,59,76836
Retailing,Saudi Company for Hardware,17/09/2019,59.6,60.3,59.1,60,86217
Retailing,Saudi Company for Hardware,18/09/2019,60.2,61.7,60,61,161323
Retailing,Saudi Company for Hardware,19/09/2019,61,61.1,60.1,61,106082
Retailing,Saudi Company for Hardware,22/09/2019,61.1,62.1,60.2,61.8,107426
Retailing,Saudi Company for Hardware,24/09/2019,61.9,63.2,61.5,63,160451
Retailing,Saudi Company for Hardware,25/09/2019,62.8,63.2,62.8,63,76600
Retailing,Saudi Company for Hardware,26/09/2019,63,63.8,63,63.1,127342
Retailing,Saudi Company for Hardware,29/09/2019,63.1,63.5,63,63,43552
Retailing,Saudi Company for Hardware,30/09/2019,63,63.6,62.2,63.5,73710
Retailing,Saudi Company for Hardware,01/10/2019,63.7,63.9,63.3,63.3,37882
Retailing,Saudi Company for Hardware,02/10/2019,63.3,63.3,62.8,63,27083
Retailing,Saudi Company for Hardware,03/10/2019,62.7,62.8,62.2,62.5,91808
Retailing,Saudi Company for Hardware,06/10/2019,62.5,63.3,62.5,63,133731
